sentiment,txt
1,انشاء اله هنعمل حاجه  
0, اقسم باله ان العرب اكثر الشعوب تخلفا  
0,﻿هات ناس تفهم و المثل بحكي اسال مجرب و لا تسال خبير  
0,صرماتي براس اهلك  
0, حرام السخريه من الناس  
0,﻿ طوقان بدور ع منصب يضل فيه عشر سنين لقدام لاسءلان في نوي و لا سلامه الاردن  
1,عمرتنا كانت ميزه جدا وراءعه  
0,﻿ يمكن جاين سكاري ويغنون  
1,يا سلام ما احلي ان يواسي المسلم اخاه هذه هي اخلاق الاسلام التي اصبحنا نفتقدها يوما بعد يوم  
0, جد اشي بخزي  
0, اله معكي يا حجه  
0, ازا كان حالك احسن من حالو دوس لايك وقول سبحان اله  
0, يعني ما اختار الا الاغنيه الي اغلب احرفها الحرف الي يقرط فيه  
0,﻿ واله الحياه كلها بتخزي بدونكم   
1,حلو  
1,فعلا  
0,مسخره﻿  
1,الحمدله علي كل حال  
0, لان ما بعتقد انو في هالقد عاهات ما بيعرفوا انو صوتهم نشاز لانو كتير نشاز وازا في رح تكون حالات استثناءيه مو بهاد الكم الكبير  
1,اميره مكن اضافه لو سمحتي  
1,الهم ارزقنا واياك الجنه   
1,كلام حقيقي  
0, يستهبلوا  
0,اذا اليابان اكلت هوا من النوي كيف احنا  
0, العرق كل شوي يزيد  
1,الهم ارزقنا الاخلاص  
0,نهايه مواطن طفران  
1,الهم ثبته علي دين الاسلام الهم يا مقلب القلوب ثبت قلبي علي دينك  
0, مجانين العرب  
0,تابعت هذا الجوال من بدايه صدوره وقبل اقترابه لعالم العربي فعلا يستحق كل هذه الاهميه  
0,﻿عاهات  
0,وذلك ليذوقوا ايران وسوريا وشيعتهم وبال امرهم  
1,الهم ارزقني حبك و حب من احبك و حب عمل يقربني لحبك  
1,الهم اعنا علي تقواك  
0, انا متاكده انو هذولي مدفوعلهم علشان يجون يغنون لانو مافي ناس مهابيل لهالدرجه  
1,اله يبارك فيك لانك غيرت في صاحبتي كتير وهي من المتءثرين فيك وهي الي عرفتني عليك  
0,احنا بنتهاوش مع الكتب   
1,﻿الهم ارنا الحق حقا و ارزقنا اتباعه و ارنا الباطل باطلا و ارزقنا اجتنابه  
0, ه وهابي عفن ومكبوت تفكيرك محصور بين فخذيك فقط لاغير الجنه التي ستدخلها انت لا اريد دخولها، جهنم اشرفلي واهون علي من ان اكون مع احد الوهابين المنحطين لواطي الاطفال  
0, اقلب وجهك  
1,ابدا بنفسي الاول اغيرها  
1,﻿الهم اغنا بحلالك عن حرامك و اغنا بفضلك عمن سواك  
0,بقرف زيك  
0,﻿مزعج الي كثير  
1,الهم ارضنا بقضاءك  
1,﻿ الهم عفوك و رضاك و الجنه  
0, من زمان ماشفت مخلوقات فضاءيه هع  
0,﻿الموضوع ما اله علاقه بالتخلف بس لما تكون الاضرار اكثر من الفاءده بلا منه و اﻷهم من هيك انه المفاعل بحاجه لتبريد داءم و لاسف وين المي يلي عنا  
0,﻿ اكدب عليك انت منو الي كاذب عليك  
1,يارب قويني  
1,﻿من توكل علي اله يعانق قلبه النور و الصفاء  
1,اله اكرم الاكرمين الهم اعنا علي انفسنا والهم ارضي عنك يارب العالمين  
1,ركز في الاجابه وقول يارب وخد قرار   
0,﻿ لا واله ما بلسه يع  
0, الحروف عنده مزغوبه  
1,ثبتك اله يا استاذي و نصرك  
0,شي مءكد انك حمار  
0,اله لا يرفعه من مكانه الي برفع الاسعار  
0,خري عليك  
1,الحمد له الذي نصرنا نصرا مءزرا  
0,﻿ صرت عاءل اشك اب هل امر صراحتن  
0,﻿يا حبيبي هاي صار لرجال تنانير تفي ع هيك رجاله  
0, مين وله  
1,وفقكم اله  
0,﻿و ارضيت يا دوله الرءيس تكون اله اسهل عليك يا عون الخصاونه  
1,﻿دعاء جميل ماشاء اله  
1,ايه الاحساس الراقي ده  
0,﻿الدول المتقدمه الان تجه لستخدام الطاقه المتجده لانها اقل كلفه و ليس لها مخاطر علي البيءه و الانسان و نحن الان نعاني من ضاءقه ماليه كبيره و شحه مياه شديده و كلنا يعلم مدي حاجه المفاعل لمياه اذكركم فقط بما حدث في اليابان و هي الدوله الاكثر تطور في مجال التكنولوجيا و هي عباره عن جزر و كذلك كم اثر علينا المفاعل النوي الاسراءيلي و حالات السرطان المنتشره ولو لاحظنا التشوهات الخلقيه الاكثر في جنوب البلاد  
1,الحمد اله علي الاسلام يا رب اهدي كل من احب هذا الدين وكل من ترد في دخوله وارحمنا جميعا  
1,اشتاق لصلاه وداءما  
0, واله لو طلبوا مين الي عندو قلب قوي ١٠ متر لجري مايتقدم ولا حمار عربي  
0,واله انا خايف انو طخوا بعد هاي الصوره  
1,عجل يا اله  
1,يمي شو هالاكلات الزاكبه هاي شهتونا  
1,اله عليك يا شيخ تحفه  
1,ياسلام حلوشديد  
0, واله عاهات  
1,يسعد صباحك بذكر الرحمان  
0,﻿و سياره الحكومه من السعوديه اجن هديه يزلامه المسءالين اكلونا  
1,يا ريت لو يعملوا دورات قبل الزواج  
1,يا رب اريد تجديد ايماني ساعدني  
1,عجبتني الحلقه  
0,﻿و اله احلا شيء انه الواحد يهاجر او يشتغل حرامي عشان يقدر يعيش اله لا يوفق الي كان السب و اله حرام  
1,نعم والحمد له  
1,﻿الهم ان كان رزقي بعيدا فقربه لي و ان كان قريبا فيسره لي وان كان كثيرا فبارك لي فيه  
1,صباح الخيرات والعبادات  
1,﻿اله ما يحرمنا من كلماتك الحلوه يا شيخنا  
1,واله رفعتوا راسنا يا شباب اله يقويكم  
1,﻿صباح الخير و النور و الانوار  
0, نيله تنيلكم من وين جايبين هالحثانه  
1,وجعلنا من الماء كل شيء حي  
1,ربك دايما جنبك لو ناديتوا ها تلاقه  
0,﻿و هكذا جنت علي نفسها براقش  
1,ده عمله نادرهالاخلاق ملهاش علاقه بالدين  
1,الاهم نكون صادقين مع نفسنا لنكون صادقين مع الاخرين  
1,هذا الشخص هو انت يامصطفي  
1,اله يهدي النفوس  
0, سخافه الشامين ابدا ما ينفع لهم الكوميديا  
1,﻿الهم ارزقنا العمل الصالح و الزريه الصالحه و ارزقنا يا اله حسن الخاتمه  
1,يارب تهدينا الي الصراط المستقيم  
1,حينما نجح في الانتصار علي انفسنا  
0,﻿انا له و انا اليه راجعون و اله يستر هالبلد  
1,﻿كن كما انت و لا تغير من اجل احد  
0,﻿ ابو معيتق قطع اوتار العود وقال السلام عليكم  
1,الهم يا محول الاحوال حول حالي ان احسن حال  
0,بطلت اتجوز  
0, ناس تبي تمصخر ماتدري شلون  
0,﻿حسبنا اله و نعم الوكيل فيكوا  
1,مفيش اكرم ولا ارحم من ربنا  
1,ونعمه باله  
1,﻿الهم لا تدع لي ذنبا الا غفرته الهم اصلح لي ديني  
1,اصدقاء اوفياء ونتعلم منهم  
1,الهم اهدنا الي صراطتك المستقيم  
0,﻿ ولا مستحيل يطلع واحد يفشل نفسه كذا  
1,قولي يارب ثم توكلي عليه انه نعم المولي و نعم الوكيلو احتسبي عنده ما تظنين انك لا تقدرين عليه  
0, وين القناه التافه الي تعرض هذول المعاتيه صحيح نحن في انحطاط  
0,﻿خليه يرفع لكن الي عنده وطنيه و انتماء يصف سيارته بالشارع و يروح علي الشغل مشي  
1,ربنا المستعان ادعولنا ارجوكم  
1,الحمد انا متفاءله جدا في كا امور حياتي ورح اضل هيك داءما  
1,حقيقه  
0, ولا انا صوتي كذا اجي اهبال هو  
1,الهم كن مع اخوانا في سوريا  
1,﻿مش عارف ليه بيتحوله و هما الي دواره عليك وكان نفسهم تكون معاهم في الاول  
0,كلمه حب عجبتني جيت اقءلها جرحتني  
0, اغبياء  
0, عرب اغبياء  
1,الهم ارزقنا رزقا حلالا  
0, مياعه وسءاله من عدوله والي معو  
0,﻿ كتكوت ضعيف الجناح و الدنيا غدرت ها  
0,كلهم معندهمش احساس  
1,عجبتني  
1,يارب ساعدني وقويني وساعدني اخد حبيبي  
0, فعلا مهزله  
1,ياله ما اروع هاءولاء الناس  
1,﻿ربنا يبارك فيه و يكون قدوه لجميع المسلمين في انحاء العالم  
1,﻿الهم انك عفو تحب العفو فاعف عنا  
0,انت عنجد بنت فاشله  
0, فطست ضحك علي الشايب  
0,تحطم ماتبقي من اطيافي  
1,﻿ناس عزيزه و المعزه لهم غير فيهم صفات الصالحين العليه  
0,﻿ يخرب الدلع  
0,﻿يا جاهلين يلي بحكي عن الطاقه النوي وجودو كفيل بوفاه شخص ولاده طفل مشوه ولو انو اشي منيح كان ما بزتوه بالصحرا وجودو بعيد بقل مخاطر بس ما بمنعها و يلي بحكي انو احنا امه جاهله ما بدها تطور بكون هوه الجاهل و عدو نفسو و عدو الانسانيه و بلا نوي و بلا زفت قال نتطور قال لو بدنا نتطور طورنا حالنا من زمان مش علي دور النوي شعب جاهل  
1,التشاءم يقتل الحياه  
0,﻿ اخ يا بطني عورني من الضحك  
1,﻿اله اله عليك يا استاذ عمر و بارك اله لك و بارك عليك و جزاك اله عنا خيرا كثير  
1,بارك اله فيك انانضال فدعولي بزوجه صالحه  
1,﻿صباح الاماني المحقه باذن اله  
1,يجب علي المسلم ان يواسي اخوه في الاسلام  
1,﻿الهم اجعلنا داءما مسلمين صادقين في افكارنا و في اعمالنا  
1,﻿الحمد له علي القضا و القدر  
1,كلام سليم  
1,سلامي عليك  
0, طلعوا العرب اخس واخس واخس  
0,﻿ صوتها بعير ومصدقه حالها  
1,يا رب خد بيايدينا ياجبرنا ياجبار السموات والارض  
0, تدرون الشره ع الي شجعهم يروحون لبرنامج  
1,يارب انت المستعان فاعنا واهدنا يارب الكون اجمع استجب  
1,انت يا دكتور خير اخ ربنا يزور عليك  
1,وان مدحتك بالقصاءد ماوفيت  
0,تليفيزيون المستقبل صار سيء لغايه ما ادري ليش  
1,لان بالفعل في شي  
0,﻿ واله ما يحر عزبت بنقاليه  
0,﻿ ثانيه كانه جورج وسوف وهو في الحمام معه اسهال تكرمون جميعا  
1,الوفاء اصبح شء نادر يكاد يكون معدوم  
0, قمه التخلف والانحطاط  
1,ربنا يستر واخلاق المتاسلمين لا ترجعه مره اخري  
1,اله يعين الجميع  
1,اله يزيدك من العلم ما تنتفع به الامه  
1,المهم الدعاء في السجود حتي تغسل عينيك الدموع  
1,في ناس كتيربناكرمهابنعمه الاسلام ولكنهالاتدرك قيمتها  
0, متي يجي عام عشان ادخل رجلي مع الشاشه واحطها بفمك  
0,﻿التقدم و الازدهار يكون مرتبط بقواعد الامن قبل الشروع في بناء المفاعل عليكم قراءه التقارير الصادره عن هيءه الطاقه و المخاطر التي سيجنيها الاردن جراء انشاء المفاعل يا عزيزي ديمونه انتهي عمره وسيكون المفاعل الاردني بديل في ارض ستكون مكبا لنفايات النويه المطلع اله  
1,﻿الهم اجعلنا من يتمتعون بروح و ريحان  
1,يارب اعيني علي دكرك وشكرك وحسن عبادتك  
0,وقعنا ولا ما وقعنا يلي بدهم يعملوه بيعملوه  
0,انا ضد وجود المفاعلات النويه في الاردن  
1,كلام بليغ الهم ارزقنا الزوج الصالح من يعرف معني رفقا بالقوارير  
1,﻿الهم اعنا علي انفسنا و اجعلنا نري الدنيا صغيره و الاخره كبير  
0,كلاب بتعوي  
0,عيب عليكوا تقارنوا وحده زي دي بالمصحف الي هوا كلام ربنا  
1,عمل السريره هو العمل الخالص له الهم ارزقنا عمل السريره  
1,الهم اكثر من امثالهم  
1,الهم قو ايمانا لنكون اصحاب عزيمه و قرار  
1,﻿الاسلام هو حسن الخلق الا تعرف بان الحبيب صلي اله عليه و سلم لقب امينا قبل نزول الوحي  
0, الجيل الي هيحر فلسطين شوفه في سوريا يقاتل العلوين الكلاب لكن ربي يعلمهم فنون القتال ويربيهم  
0,و الي اسماء الاسد كس اخت زوجك  
0,احلي زباله بوجهك  
0,احسن من هيك رءيس وزراء ما في   
1,اهلا وسهلا بك بينا يا طارق  
1,يارب اجعلني من المصلحين  
0, خساره فيك اسمك  
0,﻿الهم انا نشكو اليك ضعف قوتنا و قله حيلتنا حسبنا اله و نعم الوكيل  
0,﻿ سبحان اله غصبن علي الي مايرضي ودهم يروحون النار حتي بالحرام موفالحين  
0,﻿ما ازنخك انت و مقالاتك  
0, العجوز هذا والرجال الي بجنبه بله واغبياء وانهم يثبطون الواحد  
0, من اجل هذا تم قدوم ٢٠ الف من الجيش الامريكي  
0,﻿ برنامج قديم  
1,ربنا يباركلك يا استاذي و يعزك  
0,ﻣﻴﻦ ﺑﻀﻞ ﻳﺸﻴﻞ ﺍﻟﺸﺒﺸﺐ ﻣﻦ ﺟﻤﺒﻲ  
1,الهم اصلح بنات المسلمين  
0, صوته مره منبح احسه تعبان عاد زبدوله مابقي الا يطلع بعد شوي  
1,الهم ثبتنا وثبته علي دينك الحنيف وسنه نبيك  
0,اله اكبر علي كل ظالم  
1,الهم اهدنا لكل عمل يقربنا الي حبك  
0, لو يطلع عليهم من مخيم اربد و من مخيم الحصن و من مخيم الزرقا و من مخيم عمان و من مخيم البلقاء و من مخيم الشهيد عزمي المفتي بفضحو عرضاتهم كلهم  
1,﻿انت مو انت و انت جوعان كل شوكولاته و افرح  
1,اله اكبر وله الحمد  
0, بس انا دايم احسها خشنه و رجال  
1,﻿الهم اصلح حالي و احفظني و نور قلبي و اجعل طريق الخير طريقي و اجعل عملي خالصا لوجهك الكريم و توب علي و اغفر لي زلاتي  
1,﻿الهم ثبت قلوبنا علي الايمان  
1,الحمد له الحمد له الحمد له لن يسعنا الكون حمدا و شكرا فضلك ربي اعظم و انت ربنا الاكرم  
1,الحمدله من كل ضيق اسجد له احس ان في اعله مستوا وانسا واتذل الي اله ليحميني من فتن الدنيا واحسن منزلي في الجنه  
1,هذه من اقوال الرفيق المناضل  
0, طول عمري بخاف من العوب العب  
1,لا تحزن الدنيا ما فيها اشي تحزن عليه  
1,سعادتنا تكون بحسن الاستمتاع بالاشياء التي نحصل، عليها كما تكون بحسن الاستغناء عن الاشياء التي نحرم منها  
0, مهزله  
1,بارك اله لكما وبارك عليكما وجمع بينكما علي خير  
1,اله يستر علي بنات المسلمين جميعا  
0, طول عمر بخاف ان امثالك يصبحوا مطربين  
1,نفسي اروح عمره واشوف الكعبه  
0, واله انك مسخره يا عجوز  
0,﻿ اظن انهم حبو وانجرحوا وضاعت عقولهم وما دخل قلوبهم الا اغاني الجروح عشان كذا حافظينها وجاين يقولونها الهم لاشماته  
0,بس  مقز  
0, هذه رويدا عطيه يا الخبول  
0,الي موافق عالمفاعل يبنيه جنب داره ما يسطح الواحد غير المتحذلقين الي يخلوا حالهم مثل ابو العريف ما حد يفهم غيرهم رابع افقر دوله في العالم في المياه وتبني مفاعل نوي استنوا لما يطورو مفاعلات نويه صحراويه وبعدين اشطحوا  
1,ماشاء اله عليكم بجد موضوع مهم جدا والاهم الرقي الراءع في الحوار  
1,ضع امنياتكم في سجده انساها وتاكد ان اله لن ينساها ابدا  
1,انا مش عارفه كيف ابدا حياتي  
0, اقرفني شعر تقول حاط دبر امل وجاي  
0, يخرب زوءك  
0, التاسعه تبي تكسر الكميرا  
0,﻿ياخساره العروبه فيك  
0,﻿اخر واحد مهستر  
0, مش طبيعي سماكه الدم شو ها عدوله خرب المفطع لشو المبالغه والاوفر يعني  
1,الابتسامه كلمه طيبه بغير حروف  
0,لاسف البعض يعتقد ان المفاعل النوي سيحل مشاكلنا الاقتصاديه ولكن الاردن لا يمتلك موارد ماليه وهذا يعني الحاجه لشريك اجنبي كما اعلنت هيءه الطاقه يملك غالبيه الاسهم كما في تركيا علي سبيل المثال وذلك يعني ان هذا الشريك سيمتلك الجزء الاكبر من المفاعل ولن يكون ملك لاردن وبالتالي ستقوم الحكومه ايضا بدفع تكاليف الكهرباء لمستثمر وبالتالي المفاعل النوي لن يوفر لك الكهرباء بسعر قليل  
0, السلام عليكم الحقيقه انا لا اعرف شو وقاحه هاي الجنه المشترك يعطي ما عنده من مواهب هذا ما عنده وهم يعطون ما عندهما  
1,اسعد اله صباحكم علامتنا بالخيرات  
0,مسخره  
1,متخافش يامءمن قول يارب وحب ربك ده هو الي خلق النعمه الي انت متعلق بيها يعني هو اعظم من النعمه دي وانت عارف كده  
0, دمهم ثقيل  
0,﻿لاسف البعض يعتقد ان المفاعل النوي سيحل مشاكلنا الاقتصاديه و لكن الاردن لا يمتلك موارد ماليه و هذا يعني الحاجه لشريك اجنبي كما اعلنت هيءه الطاقه يملك غالبيه الاسهم كما في تركيا علي سبيل المثال و ذلك يعني ان هذا الشريك سيمتلك الجزء الاكبر من المفاعل و لن يكون ملك لاردن و بالتالي ستقوم الحكومه ايضا بدفع تكاليف الكهرباء لمستثمر و بالتالي المفاعل النوي لن يوفر لك الكهرباء بسعر قليل  
1,احلي صباح من احلي شيخ في العالم  
0,﻿ رهيب حسن تعالي تعالي  
1,بارك اله في دين الاسلم  
1,صباحكم سعاده وعباده مقبوله ان شاء اله  
1,﻿احب اله تعالي و رسوله الكريم  
1,اذا دم البشر احمر  
0,نحن نرفض المفاعل النوي  
1,اله يبارك فيك ومرحبا ياخي في الاسلام  
0,﻿ السماعات خربت  
0, واله هبل في هبل  
0, حتي بالستايل مقلده اله ياخذ عمره الغبي  
1,﻿صدقت يا رب اجعلنا راضين بقدرك  
0,هو في حد اساسا لسه بيتابع البت دي هاي عنجد بتقرف  
1,﻿الحمد له اكسجين يعيد لصدر انفاسه ، ف تجدها ب الصوت السعيد و الصوت المتءاكل من البكاء  
1,﻿و اله و بالنهايه يكونو راءعون  
0,﻿ الهم لا شماته ليش ياربي يحرجوا انفسهم  
1,يارب عوضنا خير ما اخذ منا  
1,انه غير مسلم ويعرف قلبه الوفاء فكيف حال المسلمين الهم ارزق بنات المسلمين زوجا طيبا محبا مثله  
1,عليك بتقوي اله ان كنت غافلا  
1,الحمد له ع السلامه  
1,كلام جميل  
0,﻿ هالانسان مجنون لابس بدله رياضه وجاي يغني حتي لو صوتك زين البس عدل  
1,كلنا ما انتصرنا علي نفسنا وعلي الحاجه دي الي متعبتنا ومبعدتنا عن اله ،  
1,قول يا رب وخد قرار   
1,والحاجه الي انت بتحبها دي هي مش اكتر من حاجه زينها الشيطان واقنعك بحلاوتها بس هتندم بعدين  
0,انتخب مين يا عم هي ناقصه لبخه في الكلام معتش الا الاهبل ده كمان يبقي رءيس جمهوريه  
1,﻿نحن نحبك في اله و ندعو لك بظهر الغيب  
1,﻿و نعم الصديق  
1,ياله ارحم احبتي واشفهم وعافهم واعف عنهم  
0,ه شكلو عمرو ماشاف كاميرا تصورو  
1,صلوا علي من بكي شوقا لرءيتنا  
0, برنامج معوق ومشاركين معوقين  
0,يلعن شرف خواتك  
0, خبر عاجل يمنع لجميع المجانين التقدم الي سوبر ستار  
1,صباح الورد والفل  
0,الوحيد الذي لايتركني ولو لحظه  
0, يلعن ام الي باخر المقطع حق عدوله يا هو ثقيل دم  
1,﻿الهم اصلح حال المسلمين و اجعلهم من الرباتين حتي نحرج ما نحن فيه لانه ان خلصت النوايا صلحت الاعمال  
1,يا طيبه بالروح افتدينا  
1,انا اخدت قرار وبعدت عن معصيه له وقدرت وربي وفقني  
0, وجه حسن عزاب  
1,جزاك اله خيرا  
0, تفو كس امك حماره  
0, تضرب منك لعدوله  
1,ما اضيق العيش لولا فسحه الاملالحمد له  
1,يا اله استجب دعاءي ياله مادكيت بابك يوم ورحعتني خاليه الوفاض  
0,﻿  
0, قمه التخلف البشري اله يشفيهم  
0, كنا نقول عاهات  
1,﻿صباح الفل و الورد يا شيخ سلمان عطر اله صباحك بذكره و شكره و حسن عبادته  
1,قول يارب وخذ قرار   
0, لعن اله المتشبهين من الرجال لنساء  
1,الحمد له علي نعمه الاسلام  
1,﻿الهم لا تجعلنا من المنافقين  
1,ربنا يكفينا هذا الشر  
0,يارجاله ينهار﻿ منيل  
0,لو كاكا بالبرازيل كنت اعطيط لايك بس هيك فشر  
1,﻿اشهد اله اني احبك في اله و ادعوا ان نحشر مع حبيبنا و امامنا محمد صلي اله عليه و سلم في الجنه امين  
0,غبي من جده  
0, ثقيلين دم كثير  
1,يا شيخ خالد ربي يحفظك نبي منك طلب  
1,يا رب استجب دعاءنا وانصر اهلنا في سوريا  
1,لا كرامه في الحب والغرام  
1,انا فعلا مءمن بالفكره دي جدا وبحاول انفذها  
0,﻿المفاعل النوي سيحتاج لشريك استراتيجي يمتلكه او جزء كبير منه و ستدفع الحكومه الاردنيه ثمن الكهرباء لهذا المستثمر لذلك يوجد احتمال كبير ان ترتفع هذه الفاتوره  
0, اموت بصوتها  
0,كلو حكي فاضي  
1,﻿صباح هادء ۆ انفاس تحمل تفاءل ۆ يقين بان كل م سيكتبہ الہ لنا ﻓي كل يوم خير اصبحنا و اصبح الملك له  
0,لي جماعه الاخوان الخسيسه كيف بدكو الوطن يتصلح وانتو قسمتوه لفريقين كل واحد منكم اخدنا لمطرح ومش عارفين واصلين لوين  
1,الهم اجعلنا من ياخذون بالاسباب  
0,﻿لنفترض جدلا ان لا اضرار صحيه و بيءيه سينتج عن بناء مفاعلات نويه سلميه ، دعونا نفكر في الكلفه من حيث اولا كلفه بناء عاليه جدا لعدم امتلاكنا لهذه التكنولوجيا علي شكل ديون تثفل كاهل العشر اجيال القادمه، ثانيا لنفس السب سنستورد خبراء لتشغيل لسنوات طويله ما يزيد كلفه الطاقه وليس العكس ناهيك عن حصول اي اخطاء مفترضه مستقبلا ثالثا اين هو المكان البعيد عن المدن في الاردن واين مصدر المياه الكافيه لتبريد رابعامن حق المواطنين واصحاب القرار الحصول علي تقرير منشور لاثر البيءي مسبقا بنفس الوقت نستطيع الحصول علي نفس كميه الطاقه من الصخر الزيتي الذي نمتلك منه احتياطي هاءل ومن الغاز الطبيعي المءمل مستقبلا ومن الطاقه الشمسيه ومن طاقه الرياح بكلف نسبيا اقل بكثير من النوي دون اعباء ديون اضافيه  
0,واله انك ما زليه يا شيخ اكيد مدفوعله من تحت ل تحت  
0,انخرس  
0, اخر واحد يادلوخ ياحمير تمثيل  
0,﻿الاردن لا تمتلك اي الخبرات الفنيه في انشاء او صيانه او تشغيل المفاعلات النويه لاردن ليس لديها سوي شهادات دكتوراه في هذا المجال نظريه بحته ان انشاء مفاعل نوي يعني مقامره كامله بمءات الملاين و المضحك في الموضوع ان بدايه المشروع ستكون انشاء مفاعل تجريبي او تعليمي يتبع لهيءه الطاقه النويه اليس الاجدر بهكذا مفاعل ان يتبع لاحدي الجامعات علاوه علي ان كل هيءه الطاقه تم انشاها رضوه لفلان وعلنتان الاولي يا ساده ان يتم طرح انشاء شركه لتنقيب عن اليورانيوم وبيعه و لتصبح الاردن دوله مصدره لهذه الماده امر اخر كثر الحديث مءخرا عن انه يوجد في الاردن بترول و بكميات علي الاقل تكفي استهلكنا المحلي  
0, الغباء واضح  
1,الهم اني استغفرك واتوب اليك  
0, اسفل من بعضهم  
1,﻿الهم ثبت قلوبنا علي الايمان  
1,هستوكم  
0,يخسو الشيعه الخنزير  
1,اله يبارك فيك جميله  
0, ما بتحبو حد  
1,الهم تب علينا انك التواب الرحيم  
1, بالفعل لازم كل واحد بيتكلم عن الدين اقل مافيها يلتزم باقل مبادءه عشان يكون قدوه مش يخلي الناس تقول هو ده الدين  
0,يلعن شرفك شو واثقه من حالك  
0, كانت تسوي مقلب انها محترمه بعدين اعترفت انها  
0,فهم ادري واخبر لا وبل اكثر انكارا لشيعه وامثالهم  
1,احلي اشي في الحياه الاستقرار مع زوج صالح  
1,﻿الهم ما اصبح بي من نعمه او باحد من خلقك فمنك وحدك لا شريك فلك الحمد و لك الشكر  
1,مطلوب نصيحه منك لكي نستحضر الخشوع  
0, واله ما في اشي مزعلني الا انه اسمه محمد  
0,﻿التقدم والازدهار يكون مرتبط بقواعد الامن قبل الشروع في بناء المفاعل عليكم قراءه التقارير الصادره عن هيءه الطاقه و المخاطر التي سيجنيها الاردن جراء انشاء المفاعل يا عزيزي ديمونه انتهي عمره و سيكون المفاعل الاردني بديل في ارض ستكون مكبا لنفايات النويه المطلع اله  
1,يا اله ما احلاه من خبر واله فرحتوني  
0, سوبر سطار ولا بلاش  
1,الارواح جنود مجنده من تعارف منها اتلف ومن تنافر منها اختلف  
0,واحد واطي  
1,احيانا الوحده تزيل بعضا من الهموم  
0,ولكن كيف ان المفاعل النوي غير مضر بالبيءه فهمني  
1,راءع ولاجمل حب ربنا  
0,﻿انا اردني و بقول الشعب بيستاهل غلا اكثر من هيك  
1,تركنا كل شء من اجل رضا اله الهم ارضي عنا  
0,﻿بس تكون من سكان اربد و تكون قريب علي المفاعل النوي في جامعه التكنولوجيا و بتشرب من مياه اربد التي تبعد اقل من متر في باطن الارض حوض اليرموك عن مركز المفاعل بتقدر تعترض وين بدك تصرف المياه التي تخرج من المفاعل لا تقولوا مفاعل التكنولوجيا تدريبي بس اسمه مفاعل و بتخرج منه مخلفات نويه الدول الاوروبيه بدات الاستغناء عن المفاعلات النويه عندك مياه بالاردن من اجل تشغيل المفاعل قبل الحكم علي الاشخاص الذين يقومون ضد هذا المشروع اسالوا الجولوجين و اثرها علي المياه الجوفيه بتحداك اذا بتسال خالد طوقان عن الاثار الجانبيه من الفاعل النوي و جاوبكوا كلامي هذا من دكاتره جامعات مختصين في الجولوجيا و اثره علي المياه الجوفيه  
0,واله نوفي صح لسانك  
1,لهم املا قلبي بحبك وحب نبيك وحب كل عمل يقربني الي حبك  
1,باذن اله بديت ولو مءخرا بنفسي الحمد له  
0, ولا جورج في الزمنات بس حرام يفضحوهم  
0, اشي بقهر مش لا هل درجه  
0,نا بدي نموذج لسبونج بوب ه  
1,ونعم الصديق  
1,يا سلام علي الوفاء الي اتفقد في عصرنا ويا حسرتاه علي الحب الذي بات مجرد كلمات  
1,﻿صباحك مبروك و عدوك مهلوك  
0,عيب واله اسم المقطع  
1,عشان هيك قال النبي صلي اله عليه وسلم ان الكذب يهدي الي الفجوروالفجور يهدي الي النار  
0,اكيد بقرف  
1,يا رب قدرني  
1,﻿الهم اصلحنا و طهر قلوبنا من النفاق  
0, اجل الاخير واضح انو بيمثل وتمثيلو خايس هو والخايسين ذولا  
1,الامل باله كبير انشاله  
0, عاهات  
0, احس بمرض لاشفت هالبرنامج  
1,حياك اله  
0,﻿ياخوان احنا مع التطور بس منين نجيب سبعه عشر مليار دولار تكلفه المشروع لنبدا اولا باستغلال الرياح و الطاقه الشمسيه و الصخر الزيتي و نبد بتخفيف الفاتوره النفطيه و المثل بقول خذ من طين بلادك و حط علء خدادك  
0,ه ما بقدروا  
1,ان اله لا يضيع اجر المحسنين  
0, باله يا شباب وش رايكم بالاشكال هذه هل توقعون اهلهم كارهينهم والناس تجي لاهاليهم وتقول لهم حرام عليكم هذول من دمكم  
0,﻿ يلعن اوم السخافه  
1,﻿الهم اغفر لي و لامه المسلمين اجمعين  
0, وانا مع انو الطاقه الشمسيه هي البديل  
1,﻿جمال الصفحه من جمالكم و رقي اخلاقكم انا متاكد ان صفحتنا ستعجبك فانضم الينا و ادعو اصدقاءك فنحن نسعد بك و بهم  
1,اله عليك بجد رنا يهدينا كلنا ويهدي شباب المسلمين جميعا يارب العالمين  
0,﻿ نسيانك صعب اكيد  
1,﻿صباحك ورد و ياسمين معطرين بنسمات من الجنه يا شيخنا الجليل حفظك اله من كل سوء ، نحبك في اله  
1,﻿الهم قني عذاب النار و ادخلني جناتك  
1,خت قرار كتير وبرجع تاني بحاول اتغير ومش عرفه  
0,﻿ اوي شكد قاسي  
1,ربنا يصلح حالنا  
0,لاسف البعض يعتقد ان المفاعل النوي سيحل مشاكلنا الاقتصاديه ولكن الاردن لا يمتلك موارد ماليه وهذا يعني الحاجه لشريك اجنبي كما اعلنت هيءه الطاقه يملك غالبيه الاسهم كما في تركيا علي سبيل المثال وذلك يعني ان هذا الشريك سيمتلك الجزء الاكبر من المفاعل ولن يكون ملك لاردن وبالتالي ستقوم الحكومه ايضا بدفع تكاليف الكهرباء لمستثمر وبالتالي المفاعل النوي لن يوفر لك الكهرباء بسعر قليل  
1,﻿صح لسانك  
0, ما اسخفك  
0,﻿العاهات الي عندهم ياناس روح موتو ابرك لكم  
0, ليش هيك معجبين علي الاردني  
1,التفاءل حلو في الحياه بس الاهم تكون عايش مع ناس متفاءلين مش تكون لحالك المتفاءل  
0,لا لمفاعل داخل الاردن  
1,اله اكبر ما احلاكم وما اشجعكم  
1,﻿اتحزن فان اله يدافع عنك ، والملاءكه تستغفر لك ، و المءمنون يشركونك في دعاءهم كل صلاه ،و النبي صلي اله عليه و سلم يشفع ، و القران يعدك وعدا حسنا ،و فوق هذا رحمه ارحم الراحمين  
0,﻿الي موافق عالمفاعل يبنيه جنب داره ما يسطح الواحد غير المتحذلقين الي يخلوا حالهم مثل ابو العريف ما حد يفهم غيرهم رابع افقر دوله في العالم في المياه و تبني مفاعل نوي استنوا لما يطورو مفاعلات نويه صحراويه و بعدين اشطحوا  
1,يا رب اجعلنا من الصالحين  
1,بارك اله فيك يانوسه وجعلها في ميزان حسناتك  
1,اسال اله عزوجل له الثبات  
1,﻿فعلا البت جده لما تحتاج ليه هو الانسان الصادق و هو البستاهل تضحي عشان  
1,بدعي علي طول بان اله يرزقني الخشوع  
0,لبرنامج التافه الي يسمح لهذا الشي  
1,الهم اكفني بحلالك عن حرامك واغني بفضلك عمن سواك  
0, والغناء تجد لك ١٠ مليون وكلهم زباله  
0, بس الحكام ماعندهم ذوق لاسف  
0,﻿لهم خذهم اخد عزيز مقتدر فانهم لا يرحموا الضعفاء الهم سلط عليهم عذابك فانهم ارونا الويلات   
1,الهم اهدنا صراطك المستقيم  
0,يع يع يع اله يقرفه وهذي يلي﻿ تقول حمضيات وش دراه عمره ذايقه طعمه  
0, تفه عليك وع شكلك ، اول ما نشهرت طلقت زوجها ، خنزيره  
1,﻿انا كل يوم اقول غدا سوف اصلي لكن لا اقدر و انا ادعوا اله داءما ان يهديني ارجو من من يملك حل مراسلتي  
0, فعلا فضايح ما توقعتها في شبابنا المتخلف اخلاقيا وصوتيا وبدنيا اها وعقليا بالتاكيد  
1,روعه الاشياء تبقي رواءحها بقي اصحابها ام انصرفوا  
1,كل شء في حب اله تهون وحب ربنا اقوي بكتير من اي حاجه  
1,﻿اله اكبر و ما من دابتن الا علي اله رزقه  
1,﻿الهم اغفر لي ما لا يعلمون و اجعلني خيرا ما يظنون  
1,لا طبعا التقرب الي اله هو خير علاج لحالات النفسيه  
0, فاشلفاشلهبرنامج فاشل  
1,ونعمباله ارحم الراحمين وانيس المستوحشين  
0,﻿ تقول داخله فيها ترله انحولت مع الاغنيه  
0,﻿لا هديله بالشوز زي الصعيدي الي يكرمه الي ضربه بالشبشب ناقصه حراميه  
1,نسال اله تعالي ان تكون بحق ارحنا بها يا بلال و ليس ارحنا منه  
1,اله ياريت يبقي في اخلاق كده في الوقت ده  
0,﻿ عاهات  
0,لاسف البعض يعتقد ان المفاعل النوي سيحل مشاكلنا الاقتصاديه ولكن الاردن لا يمتلك موارد ماليه وهذا يعني الحاجه لشريك اجنبي كما اعلنت هيءه الطاقه يملك غالبيه الاسهم كما في تركيا علي سبيل المثال وذلك يعني ان هذا الشريك سيمتلك الجزء الاكبر من المفاعل ولن يكون ملك لاردن وبالتالي ستقوم الحكومه ايضا بدفع تكاليف الكهرباء لمستثمر وبالتالي المفاعل النوي لن يوفر لك الكهرباء بسعر قليل  
1,الهم كما حسنت خلقنا حسن اخلاقنا  
0,﻿و اذا فادنا بشي رح يكون في خساره كبيره بالاخر  
0,﻿احنا ما بدنا اياه لانا ما منفهم المفاعل النوي فوق طاقتنا صعب علينا و بكره بذكركم و سالوا الباص السريع الثقه معدومه القمح فاسد المصفاه مش حسب المواصفات الخضار و الفواكه مواد كيماويه شوارع مش مصانه حفر و مطبات الخ الافضل استغلال الطاقه الشمسيه او الريح او الماء ليس هروب من التطور و انما الابتعاد عن الفشل الاكيد عبر التجارب  
0, الظاهر انه جاين يستهبلون عالحكام بس  
0, هما بس الي بيسعوا لغناء ده طبعا غير الاشتغالات والافلام الهندي الي احنا شفنها  
0,﻿ من الي ضاحك عليهم انو اصواتهم حلوه  
0,﻿عمدا فيهم ما نستعمل التدفءه و نلبس فروه  
1,اله غلي المسلمين في توادهم وتراحمهم  
0,﻿ و بعرف حكايات مليانه عاهات مثلكم و مجانين يا صيدات جورج وسوف  
0,من اين لنا المياه لتبريد المفاعل النوي فهو يحتاج الي نصف مليون مترا مكعبا من المياه لتبريده سنويا علي الاقل والقاصي والداني يعرف انا في بلد يعاني من شحه المياه اما كعلوم ومعرفه بالعلوم النويه والطاقه فانا احب ان يتعلمها المتعلمين في بلادنا بدءا من جدول مندليف لعناصر مرورا ب العناصر المشعه ونظريه اينشتاين لطاقه ونظريات الفيزياء الكميه والبحث في عمر البروتون والنيوترينو والكواركات والبتونات وال والنظاءر المشعه وتفتيت الذره واشعه جاما وبيتا والفا والراديوم والبلوتونيوم والبروتونات وكافه النظريات بما فيها انواع المفاعلات النويه وتجارب الام فيها مثل اليابان والمانيا وروسيا وفرنسا وامريكا ولعلم فقط انها علوم نظريا سهله وبسيطه ويستطيع فهمها حتي الانسان ذو الخلفيه والرغبه العلميه وعلي جميع او علي الاقل جزء من علماءنا ان يقروا المسار الذي يجب ان نسلكه ونسير فيه بهذا الخصوص بموازنه المخاطر والمكاسب وبعدها وعلي اساس النتيجه والفاءده الواضحه يتم الاعتماد لقرارهم ان كان سلبا ام ايجابا  
1, معك حق  
0,مش حلو  
0,﻿ما اثقل دمك و ما اغباك  
1,كرامتي افضل من سعادتي  
1,الاسلام ليس فيه رهبانيه  
0, ليش يعني اخترت انه مصيره في فتح يا تافه وفي المءتمر السادس كمان يا ابن الكلب  
1, معلومه متازه  
0,الدول المتقدمه الان تجه لستخدام الطاقه المتجده لانها اقل كلفه وليس لها مخاطر علي البيءه والانسان ونحن الان نعاني من ضاءقه ماليه كبيره وشحه مياه شديده وكلنا يعلم مدي حاجه المفاعل لمياه اذكركم فقط بما حدث في اليابان وهي الدوله الاكثر تطور في مجال التكنولوجيا وهي عباره عن جزر وكذلك كم اثر علينا المفاعل النوي الاسراءيلي وحالات السرطان المنتشره ولو لاحظنا التشوهات الخلقيه الاكثر في جنوب البلاد  
1,ربنا يتوب علينا من المعاصي  
1,ونعم باله عزوجل  
1,﻿احلي شيء النهايه الباقيه صح كلامك  
1,نعم الوقت يمر بسرعه  
0, لا واله ماهم الي مسخره انا الي مسخره الي تفرجت عليهم  
0,﻿ اي واله سوبر  
0, وش يحسون فيه ناس مهبل  
0,الهم ارفع ظغط فايز الطراونه  
0, العرب مو بتاع هي الشغلات لاكن احنا فاشلين اله معطينا كل متطلبات التحظر والتطور لاكن احنا لازقين بهلتفاهات ونضن انو هي التحظر  
0, سخافات وتخلف شباب وصبايا هل الايام  
0,عنجد انو باله  
0, اله يلعن امك وش ها القرف  
1,ما الزه شكله بشهي بدي  
1,﻿الهم لا اعتراض علي حكمك و ارزقنا انت خير الرازقين  
1,﻿نسمات انتعاش الفجر رحمات يظفر بها اهل النور التام الذين توسعت صدورهم بانشراح جماعه الفجر و حيويه صبح يتنفس منتشيا و مرحبا بكل مبادر لخير  
0, الباقين سخافه سماجه  
0,﻿لو يبطلو سرقه بهالخزينه و اله الشعب ليعيش و لكو ارحمونا حرام عليكم  
1,احمدك ربي علي كل ما اعطيت وعلي كل ما منعت  
0,اجل اسقاط حكومه طروانه  
0,﻿ طول عمري بخاف من العوب وسيره العوب  
0,﻿و اله انكو ما بتخافو اله  
1,اله يكثر الافراح  
0,﻿ وش هالتحف واله مساكين ماكلين مقلب بقوه  
1,الحمد له علي نعمه الاسلام وكفي يها نعمه  
0,المره الجايه راح يكون الرفع لميه اذا استمر الخلط  
1,﻿صباح الرحمه و البركات ان شاء اله  
1,قصه راءعه ياريت كل الرجال هيك  
0, مالك دين مثل الكلاب الضاله و الا اقولك مثل مومسات و عاهرات المراقص عندكن  
1,صباح الاماني الجميله المحقه باذن اله  
0,تنظرون لا الشام يقتلون بدم بارد  
0, واله انك فشلت العرب  
0,﻿ الظاهر اهلها مفقعين وجها قبل ما تجي ومغطيه الفلعات  
0, سماجه تايم  
1,كل الاحترام  
0, اشاعه  
1,فوق من الي انت فيه ربك دايما جمبك لو ناديتو هتلاقيه جايز ده اختبار ركز فالاجابه وقول يارب وخد قرار   
0,ما ازنخ منك الي هاي الروابط الي بتسم البدن بتعب يعني لما توخد الصوره وتنزلها تنزيل عادي  
0, سخافه  
0, سبحان اله الزلمات ثافهون  
0, يا ثقل دمه الاصلع  
0,﻿قرف  
0, شباب صايع مو ملاقي ياكل و مخه فاضي و متخلف عقليا  
1,ماخاب من دعا الي اله  
0,طيب ليه السخريه دي ماكنا كويسين  
0,﻿قرف يقرفك  
1,قمه البلاغه  
1,عظيم هو اسلامنا،  
0, حرام واله حزنت عليه شو هالموقف الشنع  
0, ملعوب عليهم  
1,دربي زدني ثقتا بك فانه لايخيب من وثق بك  
0,شو هالمنشور الوسخ  
1,الهم اصلح لنا حالنا  
1,كﻻمك كله راءع بجد ربنا يكرمك  
1,ايوه هيك بدنا ياكم يا شباب مش بس لعب وتسلايه  
0,هبل  
1,﻿الهم ارضنا بما قسمته لنا  
0, مين معو دوا لصراصير جد لازمهم رش مبيد حشري لقضاء علي هيك حالات متخلفه  
0,اله لا يشبعكو يا ظلمه انشاء اله كلو بتلقو بالاخره يا ظلمه خافو اله طبعا اذا بتعرفو ل اله  
0, ما يستحون و هم جاين لو انا منهم اروح اقشر بصل  
0, حسبي اله عليكم اله بحاسبكم علي كل حد بينفتن بسلبكم اله لا يسامحكم  
1,﻿الهم اصلح سري و علانيتي  
1,تماما الهم لا تحرمنا الصدق في الكلام  
1,ربنا يحمي الاسلام والمسلمين  
0, شو هل الاهبل  
1,﻿حلوه قوي يا دعمرو و لو كل واحد تيقن من هذه القصه لن يوجد حاسد و لا ظالم و لا متواكل الهم ارزقنا رزقا حلال طيبا الهم امين  
0,﻿و اله و اله و اله يا نسور رح نزل الشارع وقف الموضوع قبل فوات الاوان  
0,يع بتقرف انت وسخ  
0,ايوه بالصرمه عراسه  
0,﻿فعلا الطاقه الشمسيه هي البديل و ليست النويه لان حتي الدول المتقدمه صارت تخلص من النوي و تجه لطاقه البديله و خصوصا احنا الاردن بلد مشمس عالطول السنه و الكلفه ما اتوقع اكثر من الطاقه النويه  
0, مين بشار العاه هاد الي بهد، اي عند الجد واله لنساء والبنات تطلعن قبل الرجال في هالحاله ونلعن ابو الساعه الي طلعت بشار وغيره شو هالحكي، الاردن قوي بجيشه وقاءده فعلا هزلت قال سوريا قال ولا النعامه او رقبه عاليه بدها قص  
0,﻿ متسم فكره الولد وصارت حالته صعبه ياحنين انت  
0, يخرب بيتك ما ازنخك  
0,ملاحظه الكبسه ما بتكهرب واله  
0, وربي عاهات مستعصيه  
1,الهم اصلح نفوسنا لما يرضيك عنها  
1,﻿الهم اجعل لنا ايمانا صادقا و قلبا خاشعا و علما نافعا  
0,كلامك في غايه الجديه صحيح  
1,الهم احفظني  
1,واله الرساله دي جاتلي في وقتها قولت اكيد ربنا بعتهالي الحمد له وخات القرار  
1,الهم نسالك السلامه من مثل هذه الخيبه  
1,قول يا اله ده عنك مش بعيد متشلش هم ولا تشعر بضيق اقول ياله اهديني ياقلبي عشان اتوب امحي الذنوب واهديلي الطريق  
1,﻿ما ارحمك يا ربي بخلقك سبحانك يا حبيبي يا اله  
0, تافهين  
1,﻿فعلا في البدايه كلهم راءعون  
1, الحل الوحيد هو القرب من اله وذكره الا بذكر اله تطمءن القلوب قال اله تعالي  
1,﻿الهم انا نعوذ بك من غضبك و نسالك رضاك  
0, شو هيدا دلع اخر زمن  
0, الرابع سكران  
0, المغرب براء منك علي الاقل اذا كنت لهجتنا صعبه فتكلم بالغه العربيه  
0, اما الغبي الي يقلد جورج وسوف  
1,يارب اهدنا وقوي عزيمتا الي ما تحب وترضي  
0, محشين خ  
1,﻿الهم حسنا و حسن اعمالنا ظاهرا و باطنا و لا تجعلنا نعمل الا ما يرضيك عنا برحمتك يا ارحم الراحمين  
0,فاشله  
1,حلمي ان اكون مثل سوشي  
1,طيب اله انفاسك وياسلام لو الشباب او الشابات اذا احبو يحبون كجب شاه جاهان ومتاز محل  
1,﻿صباح ملوء بالخير لجميع المسلمين يا رب  
0,الك يوم يا ظالم  
1,الهم لا تجعل لحب الدنيا سلطانا علي قلبي بل اجعل حبك في قلبي سلطانا  
0, سوبر حمار  
1,ازعج شي الكذب  
0,﻿لنفترض جدلا ان لا اضرار صحيه و بيءيه سينتج عن بناء مفاعلات نويه سلميه ، دعونا نفكر في الكلفه من حيث اولا كلفه بناء عاليه جدا لعدم امتلاكنا لهذه التكنولوجيا علي شكل ديون تثفل كاهل العشر اجيال القادمه، ثانيا لنفس السب سنستورد خبراء لتشغيل لسنوات طويله ما يزيد كلفه الطاقه و ليس العكس ناهيك عن حصول اي اخطاء مفترضه مستقبلا ثالثا اين هو المكان البعيد عن المدن في الاردن واين مصدر المياه الكافيه لتبريد رابعامن حق المواطنين و اصحاب القرار الحصول علي تقرير منشور لاثر البيءي مسبقا بنفس الوقت نستطيع الحصول علي نفس كميه الطاقه من الصخر الزيتي الذي نمتلك منه احتياطي هاءل و من الغاز الطبيعي المءمل مستقبلا و من الطاقه الشمسيه و من طاقه الرياح بكلف نسبيا اقل بكثير من النوي دون اعباء ديون اضافيه  
1,صباح النور و السرور  
1,﻿ بوركت جهودك و سلمت اناملك  
0,ما اجمل من مثل هذا الحب الصادق الشفا  
1, اي صح و حاليا فاقده الاثنين  
1,كن انت ذلك الشخص   
1,﻿دعواتك لنا يا شيخ سلمان بالتوفيق و الفلاح و الظفر و حسن الخاتمه  
0,اكيد لا في عندك ناس بتفهم وفي ناس عند الاجانب ما بتفهم  
0, الثاني رايح فيها  
1,اهم اشي اكون مبسوط  
1,يا رب اعني ع اتخاذ القرار  
1,صدقت يا استاذ عمر  
0, يعني عدوله الي ابصر من وين جاي كيف وصل عشان تشوفه لجنه التحكيم مبين عليه مجنون و مش شايف اشي قدامه  
0,ذبحتونا  
0,ويحطمو رءوسهم بارجلهم  
1,وسط لا يوجد تركيز  
0, عاهاتك يا وطن  
1,صباح العسل  
0, دلوع  
0, ناس مطفره من الاخر  
1,﻿الشكر له اولا ثم ل دعمر خالد كان سب ف ارتد الحجاب  
0,مش طبيعي  
0,الكلب حده﻿ روعه  
0,﻿ مهزله ياعيب الشوم  
0, يا خساره عليكو يا شباب المستقبل  
0, وهابي تاج راسك يا الي تاكل من وراك و اذا في الوهابيه شء مخالف لكتاب اله و سنه نبيه اذكره و لا تكون كالبغاء ترد خلف الناعقين لتثبت انك علي الصراط و انت في هوه الخراب و طنت من طنوت سوريا  
1,دعوه اخاك بظهر الغيب لا ترد  
0,انتو كلاب ازي تسو المصحف بي كلابه زي ده  
1,﻿يا رب يتقبل منا و اله العقل مو فاضي و القلب مكسور  
0, اخيه ماسخفها تقلد  
1,﻿نهارك طيب و مبروك  
1,فدمك عود مع عنبر  
1,﻿ان شاء اله يتقبل اله صلاتنا و يزيد في صلاتنا الخشوع  
0, ما عندهم هو قله احترام لمشتركين وفله ادب تجاه المشاهدين  
1,اله يكتر من امثالك يارب  
0,﻿ تضحك كانها مفجوعه من شيء  
0, مقرف جدا هذا الشخص  
0, زمان المطربين الي غنو لهم المعاتيه دول ولعو في مقابرهم وبيعيطو بدل الدموع دم علي تراثهم الي راح  
1,مقال راءع واله يهدي بناتنا يارب ويرجعهم لصواب  
1,الهم القلوب الضاله  
0, اما وهابيتك فحدث ولا حرج الناس يقادون الي المساجد غصبا ويجلدون كالابقار ان هم ابوا  
1,طبعا واقع  
0,اله يلعنو  
0,﻿الي لازم يصير اضراب جميع موظفي الدواءر الحكوميه و الخاصه لمده اسبوع و شوف بعدها  
0, يلعن ابو الاشكال بس  
0,﻿مهو اصلا زي مشروع الباص السريع يلي استملكو عشانه شارع المحطه كاملا و لساتنه منسمع عنو ما شفنا  
1,نفسي يوم اكل وانا مش مستعجله  
0,ه مهيه خربانه ان شاء اله يعملو مفاعل قرد بطلت تفرق  
0,لا شو انا مسخره كلكو خنازير  
0,اله ينتقم منهم اجمعين الي في بالي  
0,يلي مكتوب علي الجبين بتشوفوا العين يعني اذا ناوين علي النوي ما راح يفيد المليون توقيع مو الف توقيع مع الاحترام الشديد  
1,الهم ان كان لي عوض علي صبري  
0, ليش محشورين علي بعض كذا خلصت الطاولات مالقو الا ه الطاوله الخايسه  
0, استاذ غاوي غاوي اذا كنت غاوي المسخره روح اشتغل كراكوز  
0,﻿ذا مرتك بتعمل هيك يا ادمن لا تفكر كل الرجال مثلك تفي عليك  
1,طبعا محدش يقدر بس سبحان اله فيه ناس عايشين من غير مياه  
0,﻿انا مش مسءول عن الحراميه يتفنجرو بمصاري البلد و انا اشحد  
1,نستجير باله  
0, ولو هو انسان وعنده احاسيس مكن من هالموقف الي الكل يشوفه يتعقد هالانسان من حياته كلها  
0,لهالدرجه في متخلفين في الوطن العربي  
1,اخرج اهل سوريا من الضيق الي الفرج  
1,ونشوف اغلي الاحبه في الروضه الرحيبه  
0, بس الي قاهرني الي ما ينطقون حرف الراءالتغمن جدهم جاين يبون يغنون  
1,تبارك الرحمن الهم زد فينا وبارك لنا يارحم الرحمين  
0,واله ذا الادمي معاق  
0,﻿حسبنا اله و نعم الوكيل فيكم و في مجلس النواب الحالي و الذي لا يمثل الشعب الاردني فهم غير ساءلين عن الشعب يبحثون عن مناصب وزاريه و رواتب خياليه بينما المواطن الاردني طفح الكيل معه و اصبح لا يطيق الحياه  
1,صدقت واله انت تريد وانا اريد واله يفعل ما يريد  
1,شكرا دكتور فكلماتك لها بالغ الاثر في نفوسنا  
0,نعم مصر عايزه راجل مش واحد وسخ بيقرف  
0,خراي علي احسن علوي ومحب لهاجحش خربت سوريه ياكلب  
0,وش يحسون فيه﻿ يع  
1,الهم سد خطاه وجعل الاسلام نور لكل البشر  
1,﻿بسمه امل امس كانت محتاجه توضيح اكتر لان بعض الناس خلطت بينها و بين الواسطه  
0,﻿ يا اخي وين ما تروح بالاردن تخطي مناطق الشخصيات المهمه بالبلد و الباقي كله مكره صحيه  
1,ياي ما ازكاه هاد الاكل  
1,الهم انزع من قلبي حب كل شيء لا تحبه  
0,انا مع الاخ محمد سلامه بهالموضوع   
0, الثالث لاتعليق  
0, الهم اجعلني داءما مظلوم  
1,﻿كلمات راءعه و حلوه و لا احلي ان يكونو في النهايه راءعون  
1,ان اله هو الرزاق دو القوه المتين  
0, البرنامج الي بعد سوبر ستار الي يقلده دم ثقيل  
1,﻿اي و اله صحيح اهم شي الانسان كرامته  
1,﻿انشاء اله نكون راضين بقضاء اله و لكنا نرجو من اله الطف فيه  
1,﻿و رزقك خير هذا اليوم  
1,يارب اعنا علي ترك المعاصي ماحينا  
1,كلامك جميل وراءع  
0, اكاديمي الي خلفت عاهات لفن المعاق حاليا فيزيدون الطين بله  
0, تبا لكم  
0,﻿اله يكون في عون الفقير و الطبقه المتوسط سوف تنحدر اكثر و اكثر  
1,يا هيك الاكل يا بلا لش الحكي  
1,﻿كثر اله من امثالك و زادك اله علم  
1,يا مقلب القلوب والابصار ثبت قلبي علي دينك  
1,من كانت له عزيمه لن ياس ، ومن ابتغي الاجر من اله ثابر، حياكم اله اخي مءمن  
1,اتمني ان يواسينا العرب بمصابنا  
1,برك اله فيك وجعلاهاء في مزان حسناتيك  
0,اغبياء  
1,الهم اعنا علي ذكرك وشكرك وحسن عبادتك  
1,ﺻﻠﻲ ﻋﻠﺸﺎﻥ ﻏﻴﺮﻙ ﻧﻔﺴﻪ ﻳﻘﻮﻡ ﻣﻦ ﻗﺒﺮﻩ ﻳﺼﻠﻲ   
1,﻿لك كلك ذوق و حكمه  
0,هلا كفت عن قسوتك  
1,صباحك جمال و روعه  
0,﻿و اله حرام و اله موتوه لشعب الاردني من وين بدنا نجيب الكو من وين يا اله ارحمو من في الارض يرحمكم من في السماء و اله حرام  
0, سخيف مره يمسخرون الواحد ومافي شي يضحك اصلا  
1,فما اجمل هذا الدين  
0,﻿ مجانين احد يضحك عليك وانتم قدامه وتكمل  
1,يا رب ارزقنا الفرح والسعاده  
1,كلمات حلو  
0,له يحرق قلبك يبشار  
1,افعال لا تحتاج الي اقوال  
0, لا يعني الغبي يدري انه كاتب اسمها بالورقهمايبيلها ذكاء تري  
1,صدقت  
1,ربنا يقويكي علي اخد القرار الصح واحسني الظن باله وتوكلي عليه وربنا يقويكي علي ضعفك يارب ويعدك عن الغلط ده  
0, فاشلين الي ما لا نهايه  
1,يا هيك الشباب يا بلاش  
1,راءعين يا مصرين  
1,ان اله موجود  
0,﻿الطاقه الشمسيه هي البديل و ليست النويه  
0,لما اجد فيها الا الجراح  
0,﻿وانا بس شكلها هاي مو مدرسه  
0, يا اخي اطلع في صورتك بالمرايه وشوف اداءك هوه اداء فنيصوت مناسب قبل لا تفضح حالك في هيك برامج تافه  
0, هنا نجد اصحاب السوء يحضرون بقوه لان ها هولاء لم يحظروالي بعد تشجيع من اناس حولهم  
1,اهلا بك في دين الحق والسلام  
1,ما سال له الهادي الخالق  
0, قصدك اخر ما توصل اليه العقل البشري من تفاهات  
1,هكذا المسلمون  
1,الحمد له اصبح علي وجهك المشرق كل يوم  
0, لجنه حكم ماعندها ذره احترام  
0, شكلك احول موب حوله  
1,﻿و طمانينه صباح ٱلامل بٱله و ٱلثقه  
1,صباح الوجه الصبوح  
1,ربنا يشفيهم  
0, حرام عليك كانو بقره بتولد  
1,اله يتم افراح الجميع يا رب  
0, تاثير الغرب مبين علي العرب المجانين  
0, هي فلسطين راحت من قليل يا ولاد المخنثه لعنه اله عليكم فظحتونا  
1,﻿الهم ارزقنا من خيري الدنيا و الاخره و ارزقنا حسن الخاتمه و ارزقنا الفردوس الاعلي مع من نحب و ارزقنا لذه النظر الي وجهك الكريم  
1,اسل اله ان يستجيب دعاءكم  
0, صوتها عجيب  
1,﻿الاخلاص الهم انا نسالك الاخلاص في القول و العمل و السر و العلن  
1,﻿الهم انصر المسلمين و المسلمات في كل مكان  
1,الثقه باله ثم النفس ويارب اجعلنا من يغير الناس الي ما ترضيه  
0,﻿ وانت اسكت لا تحطم  
1,﻿سبحانك ربنا الواحد الاحد لا شريك لك تحي و تميت و انت علي كل شيء قدير و صلي اله و سلم علي نبينا محمد و علي اله و صحبه اجمعين  
0, واضح جدا ان اغلب الناس هاي عندها مشاكل نفسيه  
1,صحيح الابتسامه لها تعابير كثيره  
1,قصه جميله تعلم الناس كمان الامانه لان اذا اخذ القليل اخذا الكثير  
1,﻿ما اجمل الصبر و الاصرار  
0, مايستحون  
0,﻿ مين الي ضاحك عليهم وقايل ان اصواتهم حلوه  
0,﻿ عاهات الهم لاشماته  
1,﻿اله يسعدك و يبعد عنك كل شر  
0, ثكلتك امك  
0, علي فكره المعلقين هدول ولاد حرام  
1,فعلا اله يجزيك كل الخير دكتور واله يثبتنا علي دينا  
0, ابو الشباب راعي العود ليش ماوزنه في البيت غباء  
1,ان الدين عند اله الاسلام هذا هو الدين الذي يجب ان يعتنقه كل انسان علي وجه الارض وليس العرب فقط الهم اهدي غير المسلمين الي دين الاسلام  
1,ياتيك بالارزاق من حيث لا تدري  
1,﻿يا رب رضينا و امنا و صدقنا فارضينا برضاك عنا و اجبر كسر قلوبنا و هون علينا  
1,الهم ارزقنا الصحبه الصالحه  
0,﻿دلوعه جدا مايا﻿  
0, معتيه واضح انهم يمثلون  
0, بسعد ربك وصباحك عسل انت وكل من قال انا اردني وبحب القياده الهاشميه وتراب الاردن وسنح الاخوان ولاد كلب علي هالصبح  
1,﻿الهم ثبتنا علي قيام اليل في رمضان  
0,حبيبي شرلبوني يموت ب شرلبونا و انا مدريدي﻿ لكن ماني مغير لعيونه  
0,﻿ يا فضيحتك يا لبنان بهيك عالم اما هيدا سكت اني ولك دخيل اله خليك ساكت  
0,انت واحد عنجد قليل ادب اله يموت الي امثالك  
1,يارب ناخذ القرار الصح  
1,الهم اروقني من يواسيني في الدنيا والاخر  
0, وربي كلبتي جات جلست عندي اول ما فتحت هالفيديو ويوم خلص التفت لها الا والاقيها نايمه  
1,ياريت حدا عم يواسي السورين بغربتهن لاسف باب رزق جديد لعرب  
0,﻿اكيد حياتي ما في حدا بشبهك لو في كان نتحرت زمان  
1,الهم اجعلنا منهم وارزقنا الطاقه ولاراده لزلك ياربي  
0, هذا عدا عن عنصريتكم البغيضه وجلافتكم وعنجهيتكم الفارغه مع بقيه الشعوب  
0, حركه ارحمينا اله يشيلك اقول كيف اخوكي وابوكي راضين عنك اف عندك ايزي  
0,﻿منكو له احنا لاقين حق الخبز لحتي ترفعو البنزين صار الواحد يحب يخلص دراسه عشان ما يضل بلاردن لانو ما فيها اشي لا رواتب و لا اشي جد بلد مش فقير بس كلو بوكل كلو و اله ما بنلوم الحراميه ع هيك بلد  
1,طريق واحد عدم اليءس هو طريق النجاح  
1,يارب كون معاي وانو من ترك شيءا له عوضه اله خيرا منها في الدنيا قبل الاخره جربو وحتشوفوا بعينكم الي حيحصل  
1,الدين المعامله  
1,﻿سبحان اله و بحمده عد خلقه و رضي نفسه و زنه عرشه و مداد كلماته  
1,بجد موضوع راءع وانا اجد انه مناسب ايضا لهذا الوقت يارب احفظنا من جميع الفتن  
1,امين يا رب انت شاب زي الفل ما شاء اله عليك  
1,﻿مثال جميل جدا عبره لكل من يحمل رساله الاسلام  
0,اله يوخذكم  
1,تركنا الحرام من اجل ربنا حبيبنا واله سيعوضنا خيرا  
1,هاكدا هو دين المحبه الصحيح بس لاسف الكثيرين يتبنوه حسب ما يشتهون  
1,ربي يهديهن  
0,﻿ حلوه عدوله احس انه يفطر حشيش  
1,صباح الود  
0, فيروسات بشريه  
1,ان شاء اله وربنا يعينا  
0,﻿سدءناك يا كذاب  
0,والمصحف عاهات  
1,﻿ليتنا نستطيع الابتسامه في الاوقات المءلمه  
1,قصه في منتهي الروعه  
1,يارب اغفر لي ذنبي وارزقني حبك هوربنا مكن يكره حد لو فضل يكر ذنبه بعد الاستغفار  
1,﻿تفاءلوا بالخير تجدوه و اعملوا الصالحات  
0,﻿اي تقدم اي ازدهار مفاعل النويه بعمل الامراض كثير اهم السرطان اله يبعده عنها و انا معهم رفض المفاعل النويه  
1,ربي ينعم علينا بنعمه الخشوع  
1, انا احب هذا الكاتب  
0,﻿معظم اصحاب محطات الوقود و وكالات الغاز متنفذين لقد زاد الغني غني و الفقير فقر  
1,﻿الهم ارزقنا الصدق و الاخلاص  
1,فوق من الي انت فيه ربك دايما جنبك  
0,﻿ كسم العته البشري  
0,بدكو تخلونا نشحد  
0,نادرا ما بتصير لو انه الشعب بتطور وبيتعلم مع الوقت  
1,يارب اهدي بنات وشباب المسلمين الي ما يرضيك عنهم وكفيهم شر فتن الدنيا والاخره  
1,واله الكل نعمه كبيره  
0, لجنه تافه  
0,اله علي الظالمين  
1,سلمت يمناك كلام من ذهب  
0,اوقف القرار لحفاظ علي الوطن  
0,﻿ اخ يا غبي  
0, ليش تضحكو مش حلو  
0,هات ناس تفهم والمثل بحكي اسال مجرب ولا تسال خبير  
0,اوخص وش هالمناشف  
0,هعهعهع مش حلو  
0,﻿ما انتو ادري انو الموضوع مش لصالح الصحه العامه بعدين مش كل اشي بتعملو امريكا لازم نعملو و نصير امعه اصلا احنا دول امعه شو بتحكي امريكا ولا الضالين امين نفسي امريكا تقلدنا باشي واحد  
0,شو هالافكار الجهنميه يا خال  
1,حقيقي لازم نجمد قلبنا عن اي حاجه غلط  
1,فعلا ده صحيح مثلا زي سماع الاغاني التي تلهي عن زكر اله لو تركتها له يملا اله قلبك بحبه ولاتشغل بالك الا بذكره  
1,يارب اوقف جنبي وقدرني  
0,ما حد بيتحكم في  
1,﻿ما فيها شك  
1,واله قرات من دلواتي يا مصطفي بس انا عاز رايك في حاجات كتير  
1,نعم صدقت له درك  
0,جنيه  
0, انا انجنيت  
0, الحق مش علي لجنه التحكيم الحق علي الاغبيه المشتركين  
0,انا شوفت وقاحه بس زاي وقاحه الاخوان ما شوفت  
1,ربنا يعنا علي كل شيء  
1,هذا هو الدين  
0, يلعن اوم الطفش  
0,زنخه زيك  
1,الهم اعنا علي فعل الخيرات  
0,انا اشوفه انه عادي ولا فيه اي معني وايش مليوني مشاهد واله انه ما يستحق الي هذا الحد من المشاهده وبعدين هاض شي مقز  
0,علي الطﻻق الي في رجلك يا حجه بتسوي كل سﻻح العرب لمعفن  
0,﻿شعب لا يحركه هذا الظلم و التعدي علي كرامته هو شعب لا يستحق الحياه  
0, واله انا نفسي بزعل اذا رجعت لانه مش احنا الي بنستحقها  
0,هءلاء معوقين﻿  
0,شكلك دايما متاخره عن المدرسه  
0,واحد هامل  
1,﻿صباح الهمه و النشاط شيخنا الفاضل  
0,﻿و اله حرام الناس مش لاقيه توكل حتي ترفعو البنزين  
1, احسن علاج هذا  
0, هذا ليس مضحك ، بل مخزي ، يا لخزي و العار  
0, يلعن ام الازعاج  
1,يا رب ما لنا سواك  
0,﻿ سلمتك بيد له فظيع  
1,شكرا لك  
1,فعلا اله يبعدنا عن الكذب  
1,﻿الهم ارضنا و ارضي علينا  
0, برنامج فاشل جدا  
0,﻿احنا ما بدنا اياه لانا ما منفهم المفاعل النوي فوق طاقتنا صعب علينا و بكره بذكركم و سالوا الباص السريع الثقه معدومه القمح فاسد المصفاه مش حسب المواصفات الخضار والفواكه مواد كيماويه شوارع مش مصانه حفر ومطبات الخ الافضل استغلال الطاقه الشمسيه او الريح او الماء ليس هروب من التطور وانما الابتعاد عن الفشل الاكيد عبر التجارب  
1,ليت كل ايام السنه رمضان  
0,يا تري الحكومه بدها تزيد دعم المواطن الي اله يكون في عونه  
0,ومن خسء الشيعه اخوان القرده و الخنازير  
1,الهم ابعد عني شهوات الدنيا وقربني منك واغفر لي ولكل المومنين  
1,امشي عدل يحتار عدوك فيك  
0,﻿يمكن امركا والصين الي بتحكي عنها مساحتها قد الاردن بميه مره يعني لو صار تسرب نوي او اي مشكله بتنحل اما الاردن اي مشكله بتاثر علي البلد كلها بعدين احنا حكومتنا خلصه كل انواع التطور و ضايل عليها بس تعمل برنامج نوي و بتصير زي امريكا و بجوز يعطوها حق النقض  
0,اعجبه﻿ اطعم اكيد حمضيات  
1,يارب يتقبل منا واله العقل مو فاضي والقلب مكسور  
1,﻿لازم كل واحد فينا يفكر بشكل ايجابي و يبعد عنه السلبيات  
0,انت ما تستحي تقارن القران بوحده ساقطه انعل ابوك لا ابو الملحد  
1,فاجعل الهم عوضي فيه  
0,وبالمناسبه، اذا علي مصادر الطاقه، فالاردن غني بالزيت الصخري، وفش داعي لمصايب جديده ع البشر والبيءه  
0, عنجد هذا الانسان تافه وحقير  
1,الهم انزع من قلوبنا مالا يرضيك  
1,انما المءمنون اخوه  
1,رب كريم  
0,حزني كثير واله﻿  
1,دي اخلاق السلف الصالح  
0, شو هالغباء فضحتنا  
0,﻿احنا ما بدنا اياه لانا ما منفهم المفاعل النوي فوق طاقتنا صعب علينا و بكره بذكركم و سالوا الباص السريع الثقه معدومه القمح فاسد المصفاه مش حسب المواصفات الخضار و الفواكه مواد كيماويه شوارع مش مصانه حفر و مطبات الخ الافضل استغلال الطاقه الشمسيه او الريح او الماء ليس هروب من التطور و انما الابتعاد عن الفشل الاكيد عبر التجارب  
1,الابتسامه كلمه بدون حروف  
0,التطبيقات قليله بالمتجر ولازال امام مايكروسوفت عمل طويل لتغلب علي هذه المشكله  
1,اكيد لو في كده الدنيا  
0,﻿الشعب الذي اختار نواب خرجين سجون و سوابق بستاهل اكثر من هيك مشان دينار اله لا يرد هيك شعب  
0, كسم البرامج العربيه متخلفه بنت شرموطه  
0,مت عليهم حيطه هالانذال اصحاب الاجندات الخاصه الخارجيه العميله  
0, كنت اشوف الاجانب اقول موسوسين  
0, هذه البرامج الي تخلف العاهات لفن الهابط فن اليومين هذا  
0, اله ينتقم منه حمزه منصور واعوانه حسبنا اله فيهم  
1,﻿و جنه النعيم من الرحمن  
1,﻿و خير الكلام ما قل و دل  
1,﻿كرامتي اولي  
1,يارب ارزق العزيمه لاتخاذ القرار ويا رب اخلفنا خيرا منه  
1,احيانا يكون الفشل دافع لنجاح  
0,﻿كيف صرت كاتب يا زلمه انت كثير عليك حمار  
0,يا جاهلين يلي بحكي عن الطاقه النوي وجودو كفيل بوفاه شخص ولاده طفل مشوه ولو انو اشي منيح كان مابزتوه بالصحرا وجودو بعيد بقل مخاطر بس ما بمنعها ويلي بحكي انو احنا امه جاهله مابدها تطور بكون هوه الجاهل وعدو نفسو وعدو الانسانيه وبلا نوي وبلا زفت قال نتطور قال لو بدنا نتطور طورنا حالنا من زمان مش علي دور النوي شعب جاهل  
0,يناس جلده الغاز مجانا  
1,اكيد ماحدا بيقدر يارب اعن الفقراء واعنا ع مساعدتهم  
1,﻿الخشوع احساس جميل جد امام اله القلب يحب و الدمع صافي و متعه و بعد الصلاه راحه فاءقه اتمني لكل المسلمين هذا الخشوع  
0,﻿ انا لو مكان راغب اروح انتحر  
1,قصه راءعه افادك اله من العلم لتفيدنا داءما  
1,﻿اقولها لكل احبابي  
0,الطبقه الوسطي في طريقها الي الانقراض علي يد عبداله نسور  
0,ولك واحد كندره  
0, سامج  
1,﻿ان النجاح يحتاج الي قلبا ثابت و عقلا راشد و طموحا واعد و تحدي كاسر  
0, شو هاد البرنامج معقول عرضوه علي القنوات  
0,الهم ارنا فيهم عجيب صنعك فانهم اذلو الشعوب  
1,احسن شيء العمل الذي يءدي لاستمراريه  
1,يارب اجمع امتك علي دينك يارب وشت اعداء الدين  
1,﻿صباحات النقاء و الابتسامات الصافيه من القلب  
1,واله نفسي بس الواحد بيجي عليه فترات ينسي يعمل ايه بجد  
0, رح مت  
1,يارب اهدينا لصواب  
1,اذا استعنت باله وتوكلت عليه ونيتك كانت صادقه سوف يقف اله بجواركولن يخزلك ابدا احبك ربي   
0, كانهم خرفان العيد عند المسلخ  
1,﻿كلام ما في جدل  
0,﻿منك له و بس  
1,اكيد جزاك اله خيرا  
1,﻿يا من شق البحر لموسي حتي خرج  
1,﻿صباح الوفاء لك يا صديقي  
0, احلي تخلف  
1,﻿و تربت علي كتوفنا و تشحنا بالتفاءل ايضا و صباحك اسعد  
0,اله حيك شيخ ابراهيم بالفعل حكم يا نشمي  
0, برامج سخيفه تهدف لهدم الامه  
1,ربنا يبارك فيك ويبارك في كل الي ساعدك الحمد اله وسبحان اله  
0,اي تفاءل هاد يا زلمه روح تشاءم احسلك  
1,هادي الاخوه الصادقه  
0, اله اله ياشيخ ابراهيم حكم واله يسعد مساك يارب  
0,﻿ ولا شكل ولا صوت منين جايبينهم هالكاءنات الغريبه اه يابطني بس  
0, ليش معصب يا عدوله  
0,﻿هاض بني ادم حقير  
1,اضحك تضحكلك الدني  
0, راغب يجن  
0, جهنم وباس المصير  
0, شيء مءسف اله يهديه  
1,ساترك حبك ليس كرها فيك ولكن لكثره الشركاء فيه  
0,فشرت عين الشيعه واله بنحرقهم حر  
0,﻿ مابتحكي معه هيك انزلع لاعاد اشوفك جلطتني  
1,اكيد لا دي نعمه ربنا يديمها علينا  
1,الهم قونا علي نفوسنا الضعيفه  
1,﻿يخفي صناءعه و اله يظهرها  
1,يارب اخرجنا من ذل المعصيه الي عز الطاعه  
0, واله كذب من سوبر ستار القذر هذا  
0, هل الثقه بالمشتركين زايده لدرجه العمي او ان محيطهم يجاملهم بجمال صوتهم  
0,عليا النعمه ابدا لا هو ولا الخروف التاني  
1,﻿السعي وراء الرزق عباده و جهاد  
0, يلعن ابو التفاه  
1,اسال اله في علاه ان يحفظكم بما يحفظ به عباده الصالحون  
1,اله يقويك  
0,﻿ايه راحه فيها المسكين ياحرام  
0,حكي جرايد  
1,صح يا اخي صدقت اله يعين الجميع  
1,صباح الورد الجوري الحمر والخمري  
1,﻿جزاك اله كل خير دكتور عمرو و ربنا يتقبل منا و منكم ساءر الاعمال  
1,يا رب تقوينا علي طاعتك  
0,﻿ سخافه  
1,﻿قصه في غايه الروعه  
1,نعم الصديق الوفي  
1,كل سنه وانتم طيبين  
1,الهم احينا وامتنا علي الاسلام وعلي كلمه لا اله الا اله  
0,البعض يعتقد ان المفاعل النوي سيحل مشاكلنا الاقتصاديه ولكن الاردن لا يمتلك موارد ماليه وهذا يعني الحاجه لشريك اجنبي كما اعلنت هيءه الطاقه يملك غالبيه الاسهم كما في تركيا علي سبيل المثال وذلك يعني ان هذا الشريك سيمتلك الجزء الاكبر من المفاعل ولن يكون ملك لاردن وبالتالي ستقوم الحكومه ايضا بدفع تكاليف الكهرباء لمستثمر وبالتالي المفاعل النوي لن يوفر لك الكهرباء بسعر قليل  
1,ومن احسن قولامن دعالي وعمل صالحاوقال اني من المسلمين،  
0, حرام تحمل اسم عظيم زي هيك  
1,﻿الهم اجعلني مقيم الصلاه و من ذريتي  
1,الهم اعصمنا م معصيتك  
0, اول واحد ذكرني بصاحب اسمه قرده  
0, ه انا من ناحيتي هاظ الانسان الي قاعد بلنص اقرف واحد  
1,اكيد طبعا حب ربنا احسن من حب اي حد وانا فعلا عملت كدا  
0,﻿الي يقارن بينه وبين مرسي يبقي متخلف  
0, قلولهم هذا سوبر ستار مش مسابقه لبياع الخضار  
1,ينور عليكويكثر من امثالك  
1,صباحكم تفاءل  
0, يا خساره الدقيقه وثنين وخمسين ثانيه الي ضيعتهن من حياتي علي هذا المقطع التافه خ  
1,﻿قصه جميله جدا تعكس معني الايمان و التمسك بالعقيده الصحيحه و حسن تعاليمها  
1,اله ع الكلام الجميل  
1,نعم رجل بهمه يحي اله به امه  
0, فعلا الي بيستحوا ماتوا  
0, لا بتمزحي يع قرف  
1,الهم ما اعنا علي التغير  
1,ربنا يثبته  
0,قصد وهو كبير  
0, اقرفني واله  
1,يهدي اله من يشاء  
1,صباحك سعيد  
0,الراجل الابس ثوب عليه جاكيت شكله مسطول من جنوب السودان  
1,﻿الهم اجعلني خيرا ما يظنون و اغفر لي ما لا يعلمون  
0,﻿اقطع راسها وخلص  
1, الماء هي الحياه  
0,اله يوخدها  
0,واله شوي وتجيني جلطه لما ماطلعت الاولي ذيك المره  
0, والشره علي الاغبياء الي معطينك لايك  
1,﻿بتمني لو ان تقوم بعثه لدعاه من مصر و تزور جميع البلاد و تعرفهم و تشرح ما هو الدين الاسلامي و تنشر بحق في كل مكان  
0, مسخره واله  
0,عفكره البيج هاد قرفني وقلب معدتي شو لاسف انتا انو عرفك انه هيك الوضع بتفتح بالفنجان يا ناس خفوا علينا الدين مش لايكات وكمنتات  
0, المعني الحقيقي لعاهاتك يا وطن  
0,ربي يكون بالعون ياخي فقد احزني كلامك  
0,الي من اشكوك  
1,﻿ان من صفات الاسلام الامانه  
1,افعال لا تضاهيها اقوال  
0, و شباب صايع مو ملاقي ياكل  
0, اهما ودهم يروحون النار لكن النار مارضت فيهم  
1,صح علشان كده منكذبش ونرتاح  
1,يارب يقوينا جميعا علي طاعته وحسن عبادته  
1,﻿انا بحبك في له  
1,تحفه  
1,الهم اهدنا ثم ثبتنا  
1,اله يسعد كل البشر امين يا رب  
0,بعدك ماشفت اشي  
1,الدين اخلاق  
1,حفظ اله ابناء وبنات الامه جميع  
0,فانا اناشد الحكومه الاردنيه بالافراج عن اسري السلفين التوحيدين الموجودين في سجونهم  
0, اله يفضح امكم فضحتونا شو هالسخافه  
0,كتير رخيص ومقرف  
0, كارثه بشريه  
1,﻿فتحه و نصره و نوره و بركته و هداه  
1,عم الرجال  
1,اترك ما تهوي لاجل من تخشي   
1,﻿صبحكم اله ياهل الطيب بالخير و يسعد ضحاكم و الظهر و العشيه  
0, اخر واحد حسني اني لازم اطرش او اروح الحمام  
1,﻿هذا سلامي يسبق البرق و الطير فيه الحروف معطره بالتحيه  
0, لجنه زباله من اذا بفهمو بالفن خاصه ابو النظارات الي مش موجود بالفيديو  
0, واله ظلموه لجنه الطراطير  
1,الحب مش ذل  
0, بدك الصراحه و بدون زعل جهنم و الزبانيه من الملاءكه تنتظرك تموت لتشرب من فروج المومسات و صديد اهل النار ان شاء اله يا اوباش سوريا  
1,المومين الي بعضهم كالبناء الزي يشد بعضه البعض  
0,عيب عليك ماتستحي  
1,﻿يا رب يا خير الرازقين ارزق اهل سوريا و جميع المسلمين النصر و الثبات و التقوي  
1, واله صحيح  
0,تعليم الاطفال علا الاغاني وعلا الرقص بدلن من تعليم﻿ القران الكريم بدلن من تعليم الدين اله لا يوفقكم  
1,صح الصح كمان  
1,اله يتءبل صلاتنا  
1,الحمد له الذي رزقني بالاسلام  
1,اله ايه الجمال ده سبحانك ربي  
0,اخرسي صحيح ما تفهمي  
1,﻿ساعات الي في السر هو الي بيخلي الناس تحبك في العلن من غير ما يكونوا عارفين الا انهم بيحبوك من غير سب  
1,﻿داءما تبعث النشاط و الحيويه في النفوس مع كل صباح اسعد اله صباحك  
1,اله تعالي معان  
0,حفظ اله وطنا من ايدي المنافقين المتاردنين  
1,كلام حلو ومشجع   
1,﻿صباح ملءه الخيرات و المسرات  
1,﻿سبحان اله الهم ارزقنا الطمانينه و اليقين  
1,﻿لاتحزن فان الحسنه بعشره امثالها الي سبعماءه ضعف الي اضعاف كثيره ، و السيءه بمثلها الا ان يعفو ربك و يتجاوز ، فكم له من كرم ما سمع مثله و من جود لا يقاربه جود  
1,ربنا يقوينا ويقدرنا  
0,﻿ لا وربي صوتها غليظ جدا  
1,﻿انا بحب كل الناس و بتمنالهم الخير  
1,اله يا ريت كنا في ذاك الزمن  
0, يا ربي هذا مستحيل يكون كاءن بشري  
1,يارب طهر قلوبنا  
1,﻿كلام جميل الكرامه افضل و ابقي لانسان  
1,صباح القشطه  
0, اله يلعن الي علمكم التطور يا متخلفين يا رجعين  
1,كلماتك عذبه  
0,يع شوهاي الوساخه  
1,﻿و بحب الناس الرايقه الي بتضحك علي طول  
0, هم الي مصخرو انفسهم  
0, كدا عيب اودني راحت فيها  
0, دلع  
1,اله يثبتك و ينور طريقنا  
0, عدوله السامج هذا خرب اوم المقطع قسم زباله هالادمي ودمه زفت انا ضحكت  
1,ربنا يقدرني ويعفو عني  
0, حالات مرضيه نفسيه مستعصيه لا يستطيع شفاءها لا العلم و لا الفن  
1,﻿طموح الانسان يدفه لتحقيق اهدافه يا رت شبنا ما يقولن فات الوقت و اله يوفق من يشاء  
0,يا حقير  
1, جميل جدا  
1,انا فعلا قرت واخدت القرار ده وحاسه براحه وسعاده كبيره اوي بقربي من ربنا بجد الحمد له  
0,﻿ هذول مساجين ولا ايش  
1,الحمدله وربنا يجعلنا من المداومين عليها والخاشعين  
1,اخذت القرار لكن برجع تاني وخايفه اموت وانا بغضب ربنا سبحانه وتعالي مع اني انا حسه اني قلبي مليان وعامر بنور اله اعمل ايه اجوك انصحني  
0,من هي اصغيره اغاني واله انقلبت ادنيه﻿  
0,انت واحد حقير  
0, تغني وهي متقرفه  
1,طيب انا عايزه اشوف القصر  
0,﻿البنزين يجي من السعوديه باقل الاسعار و الحكومه عندنا تدبل سعره  
1,﻿الهم اجعلنا من تنظر اليهم بحب و اشتياق و اجعلنا من عبادك التوابين المخلصين العابدين الحق لدينك و احفظنا و قنا نار وقودها الناس و الحجاره يا رب  
1,﻿حقا  
1,الهم امليء قلبي بحبك  
0,﻿ واله اول واحد سمعته منهم احسب سماعتي خربا يابطني من الضحك واله زاحفين  
0,غبي اله يزيد غباك  
0,﻿لي مفكرين المفاعل راح يطورهم المفاعل راح يدمر الاردن و المنطقه الي حولها لان الفساد الموجود بالاردن مش موجود بدوله اخري و هذا يعني ان الفاسدين رايحين يسمسروا و يلهفوا لما يوصلوا اشكل مفاعل لاردن و ناسين ان المفاعل يحتاج الي بحر ماء لتبريد و نحن لانملك ماء لشرب و ناسين ان التطور يكون بمشاركه الجميع و ليس بقرار فردي و ناسين ان الذي اقر المفاعل هو المحتكر الاول هيءه الطاقه و ان شاغرها بقي معلق اثناء فتره تسلم طوقان وزاره التربيه والتعليم لدول المتقدمه بدات تبحث عن بداءل لمفاعلات و احنا بنشتري الخربان منهم مشان التقدم و بلدنا بفضل اله لديها طاقه الرياح و طاقه الشمس لماذا لا يتم استغلالها بدل المفاعل النوي طالما اكلنا معظمه فاسد و غير صالح بسب الجشع و الطمع و الفساد  
0,الحق عالحقير الي نزل المنشوربجوز اهله لابسين منهولك لاتنزل اشي زي هيك يا  
0,الفاتحه علي ارواح الغلابه  
1,بصمات راقيه لاديب الدعوه محمد الغزالي  
1,توكلت عليك يا اله  
1,شاركونا الخير  
0, المشاركين بينو لناس انه الي قايمين علي البرنامج حمير  
1,﻿اعمل ليومك و غدك و كن متفاءلا داءما يا صاحبي  
1,واجعلنا من سكانها  
1,دعوه المءمن لاخيه بظهر الغيب اسرع من البرق  
1,﻿صدقت و اله يا شيخ  
0,شو بدو بهالسحنه  
0,﻿ لا لا لا شي مو طبيعي  
0,﻿ واله انو نذل  
1,جميله اوي اوي اوي يارب الكل يحس معني الكلام ده  
1,جامده جد  
1,ونعم باله العلي العظيم  
1,اجمل نابلس  
1,يا مقلب القلوب ثبت قلوبنا علي الاسلام  
0,كله علي راس المواطن ما يثير السخريه رفع اسعار المستقات النفطيه المستخدمه في الصناعه تقول صناعتنا مكسره الدنيا  
0,﻿ العالم العربي متروس عاهات  
1,الحب الان بقي تيك اواي قليل اوي لما نلقي انسان مخلص في حبه مع ان الحب ده اجمل واسما عاطفه في الوجود  
1,من دون التفاءل ما في حياه  
1,الهم ارزقنا فعل الخيرات وترك المنكرات  
1,عنجد الكذب اكبر ورطه  
0,عنجد بخزي  
1,واله هذا الي حصل معانا ومع ناس كثيره بدل حب الحرام بحب الحلال يبدل اله كيانك  
1,الهم اذقنا حبا راءعا حلالا طاهر  
0,﻿ و اله انو مكب نفايات نويه و انا اشتغلت بالمفاعل و موقعه بعلان بالسلط   
1,القدوه الحسنه خير من النصيحه  
0,﻿بلد يديرها اغبياء و حراميه  
1,جزاك اله كل خير بسمه امل راءعه وشيقه جد  
1,﻿لو اغلقت الابواب في وجهك ، واظلمت الدنيا، و خنقتك الدموع ، و ضاقت بك الارض ، استحضر معني اسم اله الفتاح القادر سبحانه قادر علي فتح ما انغلق من امرك  
0,﻿لاسف البعض يعتقد ان المفاعل النوي سيحل مشاكلنا الاقتصاديه و لكن الاردن لا يمتلك موارد ماليه و هذا يعني الحاجه لشريك اجنبي كما اعلنت هيءه الطاقه يملك غالبيه الاسهم كما في تركيا علي سبيل المثال وذلك يعني ان هذا الشريك سيمتلك الجزء الاكبر من المفاعل ولن يكون ملك لاردن وبالتالي ستقوم الحكومه ايضا بدفع تكاليف الكهرباء لمستثمر وبالتالي المفاعل النوي لن يوفر لك الكهرباء بسعر قليل  
1,اله المستعان  
0, ي وجه الفطيره قبل تعيب الناس انظر الي حالك  
1,لا تحزن ان اله معك  
1,﻿الدين المعامله و ليس بالمظاهر  
0,يلعنك نذل  
0,شو الاشي الي بيضحك ما ازنخك  
0,رح اجتهد باني اكون حلوه يوم عرسي مش اكون متل القرده  
1,ربنا يعينا علي نفسنا  
0, احذفه لاني بجلس احش فيهم لمين اكفر  
0, مرعبه  
1,اله يثبت قلبك علي دينا الاسلام  
1,الهم وفقنا لما تحب و ترضي يا رب  
1,اكيد لا اله لا يحرمنا من هالنعمه العظيمه  
0, وش فيك معصب خلاص بعطيك الايك الي جاني خ  
0,﻿مش شايف العالم مش ملاقيه الخبز كل واحد بشتغل علي سياره رح يوكل هوا و بارتفاع المحروقات الاكل و الشرب رح يرتفع  
0, القطه الكزميديه بالاخر دمها تقيل  
1,﻿سبحان اله خالق السماوات و الارض  
0,وادم علينا يارب نعمه الامن والامان وساءر بلاد المسلمين  
1,الهم لا تكلنا الي انفسنا طرفه عين  
0, قهروني حرام  
0, يا ربي شو هالولد و اله مجنون مبيستحيش متاكدين انو مغربي  
1,الهم اجعلنا منهم  
0,﻿الحكومه قاعده بتخبص و رايحين يدمروا البلد اله ينتقم منهم  
0, لا حول ولا قوه الا باله اذا اخذ ما اوهب اسقط ما اوجب  
1,﻿الحمد له نامل من اله ان يمن علينا بالهدايه  
0, اصلن صاحب البرنامج ماخذ شباب الامه مصخره  
1,﻿ما شاء اله جميله جدا  
0,اعلن الانسحاب يا حمار  
0, يا دم امك الرخم  
0,نفسي افهم من وين جاي يا ابن الكلب  
0,﻿روح اكتب اشي زي العالم و الناس بدل ما انت بتهبل هيك و بتمسخر يا مسخره  
0,ولا بقلو بيضه  
1,نعم  
1,﻿قصه جميله و مهمه جدا  
0,﻿ غبي  
1,يا رب نستغفرك ونتوب اليك  
0,يلعن روحك  
1,صحيح كل هالشغله بس قرار وبظن كلنا قادرين ناخده اذا استعنا وتوكلنا ع اله  
0,الاء اختصري ماشي  
1,الهم اتم علينا مكارم الاخلاق  
0,لاسف البعض يعتقد ان المفاعل النوي سيحل مشاكلنا الاقتصاديه ولكن الاردن لا يمتلك موارد ماليه وهذا يعني الحاجه لشريك اجنبي كما اعلنت هيءه الطاقه يملك غالبيه الاسهم كما في تركيا علي سبيل المثال وذلك يعني ان هذا الشريك سيمتلك الجزء الاكبر من المفاعل ولن يكون ملك لاردن وبالتالي ستقوم الحكومه ايضا بدفع تكاليف الكهرباء لمستثمر وبالتالي المفاعل النوي لن يوفر لك الكهرباء بسعر قليل  
0, ك فشلوه مره صدق انهم دلوخ  
0,﻿ باله عليك فين الاناقه في الناس الي بتغني دي  
1,الهم ارزقنا زوجا صالحا محبا مثل  
0,﻿اله وكيلك مشحط اهل دابوق و دير غبار و عبدون و منعم علي الفقراء  
1,﻿و يرزقكم من حيث لا تعلمون  
0, ابي اسمعهم يغنون احسهم امرض من ذولا  
0,﻿انا متشاءم و رح اضل متشاءم حتي ينزلوا البنزين  
0,لا لناوي  
1,انته جميل جدا ربنا يثبتك واتمني ان كل المسلمين تكون اخلاقياتهم في حياتهم العاديه قدوه ودعوه لكل غير المسلمين  
1,اهلا بيك في دين اله ربنا يثبتك ويزيدك ايمانا انا فرحانه بيك كتير  
0, واله تحشيش  
0,شغل مشغول قرف يع  
1,يا رب قويني علي نفسي  
1,ربنا يوفق الجميع علي الخشوع  
0,ما شاء اله العطله ماثر عليكوا كتير صبايا الكل بحكي حبيبتي وحبي وبلمدرسه كل واحد بكشر من جه  
0, البرنامج فاشل جدا  
0, تم تنفيذ الحكم الي في الرد الاول وتم اعدام اول راس والباقي بالطريق  
0,اهبل ولك  
1,صار بدها بطاريه التقوي شحن  
0, وقف قلبو لحسن الشافعي  
1,يا اله ارحم عبدك الفقير المسكين وجميع المسلمين والمسلمات  
1,ما اجمل الكلام والاروع ان نطبقه  
0,﻿يجب علي الحكومه العوده بالتوقيت الي الساعه الثالثه  
1,اله يرزقها كل مشتهي يا رب  
0, الظاهر عقلك تافه من اصحاب العقول المقفله  
1,الهم قني شر نفسي  
1,نرجو من اله ان يتقبل صلاتنا رغم ما تمر به بلدنا من ازمه صار الواحد خايف علي نفسه و مستعجل بصلاته و انا كلما صليت اعتبرها صلاه مودع فيخشع قلبي و تدمع عيناي  
0,﻿شو عاجبك فيها متلا لتكون سيارتكم  
1, وهذه من اكبر المشاكل التي تءرق الشباب في هذه الايام  
0,﻿ ابلعن والديتس ي الهبلا  
0, واله لو يجمعونهم علي شاطء البحر الميت ويخلونهم يصرخون علي اليهود ولمده ثانيه ليهربون لقبرص عن طريق البحر سباحه  
0, شكلها ملجلجه  
1,الهم اكفنا بحلالك عن حرامك  
1,ما احسنهم اله يكون معهم  
0,﻿ مره دلوع  
0,قله ادب  
1,ارجوك يا استاذنا الفاضل ادعيلي بالنجاح في مسابقه المجستير العام القادم والشفاء بارك اله فيك  
1,الهم رزقنا مكارم الاخلاق  
1,يسعد اوقاتك  
0,ليش ما نتعلم من الي صار في اليابان، وروسيا، المانيا الغت نظرتها في بناء مفاعلات نويه واستخدام الطاقه البديله  
1,ربي يزيدن ايمان وتقه يارب  
0,﻿هاي نتيجه انه ينحط انسان في موقع مسءوليه  
0, سعودي متهور  
1,﻿يا رب يكرمنا باولادنا و انا داءما بشجع ابني ان يكون كالجبل الذي لا تهزه الرياح العاتيه  
1,احلي اشي الواحد يوكل بدون ما يطبخ  
0,لقد اتحفتمونا بلجوكم لجيبتنا التي انفجرت بفضلكم و الفاسدين يتنعمون باموالنا فهل اصبح فاسدا لاعيش  
0, حكي فاضي  
0,يع يع يع قرف  
1,فعلا ان الطموح هو سر النجاح  
0,﻿بعدين الاردن تسبح علي بحر من النفط و الصخر الزيتي اشتغلو فيه بالاول بيكفينا سنه  
1,ان شاء اله هنكمل مشوار النجاح  
1,الموت مع الناس رحمه  
0, انا عرف شيء واله بكي اكتر ما بضحك  
1,يا سلام علي الوفاء  
0, هذا الي انت فالح فيه بسكيف تختار ضحاياك بالسرق جعل العاه تصيبك ولاعاد تطيب منها ياولد الحرام  
0,بلا قرف  
1,﻿البيت الي فيه فرح و سعاده دايما بكون متفاءل و سعيد بحاضره و مستقبله  
1,ايارب يتقبل منا  
0, اهل العقول براحه ام نسيانك يابو نسيان صعب واله صعب  
1,بطلت كتير وكل ما ابطل والتزم مع ربنا برجع تاني وكل اما ارجع ارجع اكتر من الاول  
0,ﺍﺳﺘﻌﻤﺎﺭ ﺷﻮ ﻳﺎﺣﻤﺎﺭ ﺍﺑﻦ ﺍﻟﺤﻤﺎﺭ ﻫﺪﻣﺖ ﻟﺒﻴﻮﺕ ﻭﺷﺮﺩﺕ ﺍﻟﺸﻌﺐ ﻳﺎﺑﻦ ﺍﻟﺰﺍﻧﻴﻪ ﺍﻟﻌﻠﻮﻳﻪ ﻭﺍﻟﺸﻴﻌﻪ ﺳﻮﻑ تسحقون  
1,واله الواحد بيدعي كثيرا ان ربنا يجعلنا في طريق مستقيم  
0, بيه الزناخه  
0,﻿ سماجه سماجه واله البنانين دمهم ثقيل مره  
1,﻿رب فعل صغير يستعظمه غيرك و خاصه ان كنت تمثل الاسلام  
1,الخشوع امر مهم جدا في الصلاه  
1,تفاءل بالخير تجده  
1,﻿افتح قلبك لعالم  
1,الهم باركي فيه واهدي كل مسلم لطريق النور  
0, شعوب تافه همها الحياه الدنيا فكروا في نهايتكم  
0,﻿ واله عيب بهدلتو حالكم  
0,﻿ سخيفه  
0,اقترح تحويلهم الي طبيب نفسي و ليس الي القضاء  
1,﻿ربنا يصلح احوالنا يا رب ظاهرا و باطن  
0,﻿سنبقي نذكر دوله الشهيد وصفي التل الذي كان رءيسا لوزراء و حبيبا لفقراء  
0, الغلط مو من المشاركين الغلط من نفس البرنامج المفروض تكون في مرحله فرز في البدايه قبل لايطلعو الهواء  
1,بدي اروح عمره اله يسر  
1,كلام سليم والصراحه راحه  
1,الهم اني اقسمت عليك بك ان تهدي شباب المسلمين وتنور قلوبهم كما انعمت علي طارق بنعمه اﻹسﻻم  
0, يتسابقون الي جهنم  
0,﻿ارحمونا صرنا نصف السياره و نطلع بالباص حرام عليكم  
1,تفاءلوا بالخير تجدوه  
1,﻿الهم اغفر لنا انا كنا ظالمين و ادخلنا الجنه سالمين  
1,ربنا يكرمك علي سعيك وحبك لمساعده  
0, هبل  
0,امين يا رب  
1,﻿الحمد له الذي بنعمته تم الصالحات حمدا غير منقطع  
0,هذا لا يعني خلوها من الاشكال المصديه   
0, كل النسخ العربيه والجنبي كله تمثيل في تمثيل مسخره وعقول تاقه  
0, كاميرا خفيه في الانحطاط الاخلاقي  
0,قرف يعيع  
1,هذا هو الحب الاصيل الوفي بكل معني الوفاء  
0, لعنكم اله جهنم وبءس المصير ايها العازفون  
0, هذه مشكله الذي يغني كثيرا في الحمام ويتصور انه اصبح مطرب  
0,مش عارف كيف الناس بتحبك يا زلمه  
1,انا معك بان دين الاسلام لكل الناس وفي كل زمان ومكان  
0,حبه بنادول  
0,شو عادي يزم انتا ما عندك دم ونخوه يزم انتا مش بني ادم تري ورح طير  
1,الهم اني استغفرك من كل الذنوب والمعاصي واتوب اليك  
0, عذبت ام العود  
0,﻿كل واحد حرامي و ما بهمو مصلحه المسكين المواطن الي بشتغل ساعه ب دنانير  
1,جميله المعاني المجرده التي تنزوي عند التطبيق  
0, اصواتهم مع التوتر خربت  
1,فعلا احس في نفسي دلك  
1,﻿انبسط يا عم و افرح  
0,﻿يجب وضع كل من تسول له نفسه مجرد ان يعمل اي تصرف لا يليق بالاردن ان يسجن و يسجن شيء مخزي شويه همل و زعران يخربوا الجامعات و سمعه البلد  
0,اذا اليابان اكلت هوا من النوي كيف احنا  
1,﻿اصبحنا و اصبح الملك له الهم لك الحمد احيتنا بعد ما متنا و اليك النشور  
1,احسنت كلام دقيق جد  
1,الاولي من تغير العالم تغير النفس التي بداخلنا  
1,كلام جي في وقته  
1,﻿ان اله لا يتخل عن عباده ابدا  
0,﻿ اموت فيج رويده  
1,﻿الهم زينا بالخلق الحسن و ارزقنا الامانه و نظافه القلب و السان امين  
1,﻿صبحك اله بالخير  
1,ربنا اصلح احوالنا  
0,يلعن ابوك  
0,﻿ لازم اخر ما توصل اليه العقل البشري من غباء اخوكم حمزه الهواني من الاردن  
0, سوريا تعرضت لمءامره والامر المحزن ان ولاد سوريا انزلقو فالمءامره هاذي والشنيعه  
1,البسمه سر من اسرار الحياه  
0,﻿ليش الطلاب فاضين يعملو مشاكل فاضين لدراسه يعني ما عندهم وقت فراغ لمشاكل  
1,الحب بين الزوجين اوسع ابواب السعاده  
1,النيه دايما بتكون موجوده وربنا المعين  
0,وهاد الي بخبص حكي ملوش معنا ابن مين هاد  
1,يا اله كلامك بلسم  
0,اله يسامحك حبيبتي افهمتيني غلط  
1,يارب توب علينا وساعدنا نتوب وبصرنا بعيوبنا لان ساعات كتير بنسه  
0,هيك بدهم الخونه اتباع ايران الاخوان المفسدون  
0,﻿يا عالم النواوي خطير بحرق الاخضر و اليابس غلطه واحده كارثه  
1,امين  
1,﻿لا وحده مع القران هو انيسي ام الغرام فلا احتاجه مطلقا  
0, اه لو لا القران لقلت ان انكر الاصوات لهذه الاصوات  
0, وهاي المضروبه جايخه علي وين  
0,انته والمعك كلهم سافلين وقحين  
1,لا يغير اله ما بقوم حتي يغيروا ما بانفسهم  
1,صباح الفل  
1,صلاه الفجر  
0,في خطبه وحده رفض شيخ اخواني النوي الاردني ، و مدح النوي الايراني  
0,كلهم فاجرين  
1,يارب اجعلني من الصالحين  
1,ربنا يقوي ايمانك  
0, هاد برنامج وسوبر ستار بنامج شوف البريطان شو بعملو فعلن سوبر الهبل  
1,﻿و اله بذل نفسي مره و اتنين و خمسين عشان الغرام الحلال احلي لكن مين يحس و يفهم و يقدر  
1,﻿و اله ثقف نفسك ده بيقول كلام زي الفل  
0,﻿المفاعل النوي سيحتاج لشريك استراتيجي يمتلكه او جزء كبير منه و ستدفع الحكومه الاردنيه ثمن الكهرباء لهذا المستثمر لذلك يوجد احتمال كبير ان ترتفع هذه الفاتوره  
1,﻿الهم اكثر من امثالك يا دكتور عمرو و اله نفسنا تشرفنا في مسجد الصديق بشرتون هليوبوليس  
0, برنامج ساقط  
1,﻿يا رب فرج  
1,المواساه والمحبه بكل الامور رمز الاخوه  
0, واله تحشيش من الاخر  
1,نعم  
1,﻿الهم ارزقنا كما ترزق البغاث تسلميلي هنوده حلوه كثير اله يفتح عليكي و يهدينا و اياكي  
1,العفو  
1,يا ارحم الراحمين يا اله  
1,ان اله علي كل شيء قدير  
0,لا لمفاعل النوي  
1,من يتقي اله يجعل له مخرجا  
0,يعني لو عايزين يبعوه بلغوني من القرف هاض يع يع يع  
1,يارب ثبتنا بعد اخذ القرار لان هو ده الاهم و الاصعب  
1,سابقي راءعا معك الي النهايه ان بقيتي راءعه معي الي النهايه  
0,حيوان  
1,﻿و نرجو لك دوام الخير و المحبه من اله و من الناس  
1,اله لا يحرم حدا من العاءله الدافيه والذريه الصالحه  
0, كس امكم يالعرب يابهايم يابقايا حضارات الام  
1,﻿ابتسم و هدي اعصابك  
1,الهم اجعلني من يتشرف به الاسلام  
1,الهم انصر الاسلام واعز المسلمين  
0, انا لاحظت بلبنانين انهم ماعندهم روح الكوميديا نهاءيا  
0,﻿لوين ندكم توصلونا و اله هموم المصاريف قتلت الصغير قبل الكبير اله ياخذ حقنا منكم و لا يباركلكم  
1,﻿وماذا عن التفاءل في يوم ربيعي جميل نحق به الامال الطوال  
0, فضحتونا من وين نحنا بال عنا برامج هيك تافها ومخمجي  
1,يا حلالي ويا مالي ايوش هيك لازم من زمان  
1,الهم زيد المسلمين وبارك فيهم  
1,سنتصر علي اعداءنا  
0, ضيعت دقايق من عمري بمشاهده ازنخ و اتفه شخص بالحياه الا و هو الي بالنص و لا حتي بعرف اسمه  
1,مكن يكون احسن بالاخلاص  
1,واله اني لاحس بالشفقه علابنات الجامعات   
1,حلوه اوي  
1,صباحك نقاء يشبه سريرتك  
0, اسوا شعب اله في الكوميديا  
1,﻿الهم اعني علي ذكرك و شكرك و حسن عبادتك  
0, سخافه بكل ماتحوي الكلمه من معني  
0,﻿ يلعن ام الحاله ياخي وناسه  
0, في ايه يا ولاد الوثخه  
1,الهم اجعلنا اخوه في اله واحشرنا مع الصديقين والشهداء والصالحين  
0,ا عيني ع الصحبه بس اكيد وراها مصلحه  
0,فظيعين﻿  
0,فعلا الطاقه الشمسيه هي البديل وليست النويه لان حتي الدول المتقدمه صارت تخلص من النوي وتجه لطاقه البديله وخصوصا احنا الاردن بلد مشمس عالطول السنه والكلفه ما اتوقع اكثر من الطاقه النويه  
0, عاهات  
1,اكيد طبعا  
1,﻿و ما من دابه في الارض و لا طاءر يطير بجناحيه الا علي اله رزقه  
0, مساكين ها البشر  
0, لانهم يمكن يكونو قاهرينك  
0,﻿ عاهاتك ياعرب  
0,ه لا نوي ولا صوبه بواري كالعاده نصبه جديده  
1,اله و اخترت اسم غالي علي قلبي قوي ربنا يثبتك علي دين الاسلام اخترت صح بجد  
0,لانه النوي ضره علينا اكتر بكتير من فواءده   
1,لاتنساني من دعاءك الصالح شيخنا  
1,اله اكبر والعزه لسلام  
0,ابوها هوه﻿ المصيبه بس همه الفلوس الي تجيبها بنته  
0, ياخي برنامج السامج  
1,لهم اعنا علي ادراك هذا المعني العظيم يا رب  
1,اعملوا لاخرتكم  
1,نعم في البدايه كلهم اروع من الروعه  
1,ربنايحفظك ياشيخ  
0,﻿اله يرفعهم الي جهنم جنب القذافي باسرع وقت لان الظلم زاد عن حده  
0, باله عليكم الم تستحيوا من انفسكم قبل قدومكم الي هذا البرنامج ثم الم تعلموا ان هناك مسابقات لانكر الاصوات في قناه اخري  
1,تحيه لاهل فلسطين الغاليه  
0, هذا تشهير ملعون والدين المفروض ما يعرضونه  
0,﻿ واي ناس فاظين صج عاهات  
1,بتقول كلام دي الفل  
0,عيب يغني ده السادات وده ابن مره  
1,تمام  
0,انا بكرهك  
1,لطيف  
1,﻿صباح الخير و الاشراق و الامل  
0, عاهات العرب الجرب  
1,هو رحيم بكل شيء في الكون هو الخالق فلابد ان يرزق مخلوقاته  
0,تسلم صرمايتك  
0, الي غني عدوله محاوله استخفاف دم من البرنامج  
1,ما في احلي من الفرح  
0,شو بدو بهالشوفه  
0, حسبي اله ونعم الوكيل فيكم  
0, اله اكبر شو هيدا اكل الرجال  
1,يا مسهل يا رب   
0,انت واحد ما بتستا هل الجزمه  
1,لا تقنتوا من رحمه اله فهي وسعت كل شيء مهما عصينا فلنا رب كبير رحيم ورحمن  
1,اجمل شيء مخافه اله تعالي  
1,راءع  
0,الوان مش حلوه  
0, يعني هيك برامج بتبين لناس وين صرنا و كم صارت نسبه التخلف بين شباب امتنا  
1,ستجد مساعده اله وعونه لك عندما تكن النيه صادقه  
0,﻿لا ده ذكاء  
1,صباح السعاده العامره  
0,﻿اوروبا كلها تريد التخلص من النوي و تحاول استثمار الطاقه الشمسيه و ما عندهم شمس قد ربعنا و احنا بدنا ناخذ الي راحت موضته ولي زمانه من كثر اخلاص القاءمين علي مصلحه الوطن يا حسره  
0,يلعن امك  
1,الهم ثبتنا بالقول الثابت في الحياه الدنيا وفي الاخره  
1,ونعم باله من اختار قرب اله فما خاب ابدا اله علي دي راحه وده شعور الحمد ل  
1,ربنا اجعلنا من الصالحين و اهدنا الي الريق المستقيم  
0, عاهات  
0, وسب برفعه ضغطك  
1,عن جد انتي ما شاء اله عليكي جزاكي اله كل خير  
0,مش باين منيح ليش عم تكذبو  
1,اسال اله ان يرزقني من يدعو لي في ظهر الغيب  
1,يا رب كن لي وكيل  
1,رضيت باله ربا وبالاسلام دينا وبمحمد صلي اله عليه وسلم نبيا ورسولا  
1,انا فعلا عملت كده والحمدله بقيت احسن من غير الحجات الي ربنا خدها مني الحمدله  
1,صباحك نور  
1,﻿الحمد له رب العالمين علي عطاه و رضا  
0, يعني يجبون كم واحد يعطونهم فلوس ويجون يستهبلوا عندهم عشان يحركون البرنامج  
0, بقطعكم شو حقودين  
1,الحب الحقيقي عمله نادره فعلا وهو نعمه كبيره من اله عزوجل  
0,﻿ بكتب ع اوراق الشجر يقول موهبتي وانا صغير اله يسامح الي كاذب عليه  
1,تحياتي ياشيخ  
1,﻿بلا هم و بلا وجع راس خليك رايق دايما  
1,﻿ابتسم بنيه طيبه و فقط  
0, واله حرام يعني مايدرون انهم مصخره  
1,حبل الجذب اكصي  
0,﻿ عاهات وعهد اله عاهات ايه الي خلاهم يغنو دول  
0,الي بشار الاسد كس اختك  
0, من يستمتع برءيه الناس في مواقف محرجه فهو سادي و غير اصيل و نفسه ضعيفه و مريضه  
0,وسدءيني انكو كلاب  
1,يا صاحب الفرج   
1,الحمد له كلما اري ناس اسلموا تعم الفرحه في قلبي  
0,بعءد  
1,موضوع اكتر من راءع  
1,ما اجمل الحياه برضي اله  
0,﻿ اصلا ابو وديع لو كان اجا كان خسر  
0,الي ابن بشار الاسد كس اخت ابوك  
1,صباحكم سعاده  
0, فعلا برنامج ساقط والي بيتابعه اسقط منه  
0,﻿و اله مش طبيعي حرام و اله غير تنتشر السرقه و النهب خرب الامان النشور  
1,اله علي الكلام يا رب اعينا  
1,﻿يا من يرزق النعاب في عشه هيء لنا مقادير  
0,﻿ غبي انتا اشي الصوت هاد بتشبهو بجورج وسوف  
1,الهم اعنا ع ترك كل ما لا ترضي  
0,ولك تفيه عليك  
0,ما بكره حد قدك  
1,﻿صباح الخير لك ياشيخ لكم كلماتك داءما تشعرني بالامان و السكينه و الرضي بما كتب اله  
0,﻿الاردن فيه طاقه شمسيه بتغنينا عن استخدام المفاعلات ، تخيلو معي الطريق بين عمان و العقبه كلها ارض فاضيه و صحرا منقدر نستغلها في بناء خلايا شمسيه احنا مش ضد انا نتطور و لكن الدول المتطوره عم بتخلو عن الطاقه النويه الي رافقها مشاكل صحيه و بيءيه عديده و عم بسبتدلوها بالطاقه المتجده ، طاقه نظيفه و غير مكلفه  
0,﻿ استخف التحكيم  
1,كلام ذهب  
0,﻿ واله خبل  
0, تخسا هما وكل واحد بشد عايدهم مشكلتو شعب سوري يدعون البراءه وهم في قمه النذاله  
0, مهزله التاريخ  
0, حرام عليك ماتشوفه شلون يصارخ كانه مشجع في ملعب  
0,شو هاض المنشور الوسخ  
0,ما اقسي غربه الروح  
1,حلوه اوي الحمله دي وربنا يارب يكرمك وكل الي بيتبرعو  
1,حلو صديق عمري  
0,راءعه الحرف نقيه المعني  
0,اغرورقت عيناي بالدموع  
1,يارب وانت ادعيلي  
1,يارب اعنا علي عدم معصيتك  
1,اله يثبته يا رب ويثبتنا احنا كمان   
1,﻿سبحان اله مالك السموات و الارض  
0, هذا معوق جنه جورج وسوف  
1,ما اجمل دينا الاسلامي  
1,روشته علاج لاخطر الاسقام بارك اله في كاتبها  
1,﻿اعنكم اله و تقبل منكم و يسر طريقكم  
0, وش التخلف هذا  
0, يلعن اخت اليهود اذا بدهم يرجعو شبر من فلسطين ل هالمنا  
1,الهم ارزق ابناء المسلمين زوجات صالحات وبنات المسلمين ازواج صالحين  
0,ولاه امرك الوهابين يكرعون الخمر والسديقي كرعا بالسر والعلن دون تطبيق الحدود عليهم  
1,من رافق وافق  
0, لجنه فاشله تمسخر علي المتقدمين  
0,﻿ انوا ا ا ا ا ا ا اع الشماته هالكلبا  
0,﻿ وعرض اختي انك لاسع يادمن عساس لو بدها تضرب من هسه خايفه منك  
0,نحن في زمن يهان فيه المرء ويكرم فيه الكلب   
1,استاذ عمرو يا ريت شويه تركيز علي اخوتنا في بورما انهم يتعرضوا لحرب اباده حقيقيه  
0,﻿المفاعل النوي سيحتاج لشريك استراتيجي يمتلكه او جزء كبير منه و ستدفع الحكومه الاردنيه ثمن الكهرباء لهذا المستثمر لذلك يوجد احتمال كبير ان ترتفع هذه الفاتوره  
1,حفظ سور جديده و تسميعها في الصلاه يساعد علي التركيز  
1,﻿ابتسم امام كل الناس لتسرهم و تجبر خواطرهم فتبسمك في وجوهم صدقه  
1,ما احلي الوجود بقرب اله  
0, ه واله صدقتي همه اصعب شء الستين سنه الاوليات  
1,انه دين يسر وليس بدين عسر  
0, قرف يقرف البنانين شو تافهين  
0,الاردن رح يولع يا نسور  
0,لا بقلو بيضه حكي فارط احنا الاردنيه ما حد بيطلع معنا براس  
1,صحيح  
1,﻿اه و النعمه  
0,يا اخوان احنا قرفنا  
1,صباح الزنبق والفل والياسمين  
1,اصلي يروح الهم ينشرح صدري ب الصلاه  
1,يا مصلح القلوب اصلح احوالنا  
1,نفع اله بك يا دكتور  
1,﻿لست الافضل و لكن لي اسلوبي ساظل داءما اتقبل راي الناقد و الحاسد   
0,شنو السالفه يعني اتقارنون القران الكريم ويه نجوه كرم هاي العرمه لا اله اله اله  
1,تبتنا ياربن علي دكرك وشكرك و حسن الخشوع في صلاتك  
0,﻿صح الخبر مش تحرير المشتقات النفطيه و انما توليعها  
0,حيوان وكلب اله يموتك  
1,يارب اعني علي هذا القرار  
0,اله يلعن ام هيك نمر  
1,ربنا لتزغ قلوبنا بعد اذ هديتنا  
0, الشو اسمو ستار اكاديمي ولا المسخره عل العالم اكاديمي  
1,اله يفتح عليك  
1,اهلا وسهلا بحضرتك  
0,مش النوي ان صار وما اظنش اسراءيل تسمح باقامته بهالسهوله هو الي بيعني انو احنا متطورين او متقدمين  
1,﻿صباح الابتسامه مرسومه علي محياك ربي اجعل حياتي و حياه احبتي نور علي نور  
0,ياحيوان ماشي ريال مدريد  
0, متفقين معهم و البرنامج خايس  
0,بس انا مش منهم ولا البنات يلي بالجروبات  
0,﻿واله احنا مو ناقصنا وجع قلب بس ضايل علينا النوي و صحه البشر مش برضو خطيه المسءولين و ﻻ خلص ما عاد في شي فارق واله عحب  
1,انا انصح كل انسان ان لايكذب لان الكذب مداه قصير  
1,الهم اصلح شاني  
1,﻿و اله انت حبيبي  
0, سوبر حمار واله هذا السوبر حما سب في تخلفنا  
0, فعلا زي ما حكي اخر شي مهزله وانا مهزله الي ضيعت وقتي اشوف هيك مسخره فعلا اني مسخره  
1,و اله انا بقول كده م الصبح  
0, اتفه برنامج عالمي  
0,لا مو حلو  
0, تدرون يا جماعه الخير انها بتعدب واله  
1,﻿ما شاء اله اله يثبتك  
1,﻿بجد تحفه  
1,قول يارب ادعي كتير انك تكره هذه المعصيه وربنا كريم  
0, حرف الراء مصيبه ي ريس  
0, معايا زميل زميل يلعن المسخره كلهم مايستحون ذولي  
1,شبابنا فيهم الخير بس بدهم حدا يرشدهم  
1,واله اني احبك في اله يا  
0, اخر واحد اش فيه مجنون المفروض الجنه تمنع المجانين  
0,﻿يعني بكل وضوح بدكوا تذلوا الشعب الاردني و تخلوه كل شهور يصف طابور عشان يوخدلوا اكمن ليره  
1,الهم اعز المسلمين  
1,قال رسولنا الكريم مثل المءمنين في توادهم وتراحمهم كالجسد الواحد اذا اشتكي منه عضو تداعي لساءر الجسد بالسهر والحمي  
1,اله يهدي الجميع ويوفقك  
0, استغفر اله مجانين يروحون سوبر ستار  
1,الهم استخدمني ولا تستبدلني  
0, مجنون صوتها انا  
1,استعينوا باله يا مسلمين  
0, بكره واحد منهم بينتحر لم يضحكو عليه  
0,كلو حكي فاضي  
1,الهم ارزقنا ان نكون مثلهم  
0,سيد شوكت بحب احكيلك انو حنضل نشحد بسب المفاعل لاسف البعض يعتقد ان المفاعل النوي سيحل مشاكلنا الاقتصاديه ولكن الاردن لا يمتلك موارد ماليه وهذا يعني الحاجه لشريك اجنبي يملك غالبيه الاسهم كما في تركيا علي سبيل المثال وذلك يعني ان هذا الشريك سيمتلك الجزء الاكبر من المفاعل ولن يكون ملك لاردن وبالتالي ستقوم الحكومه ايضا بدفع تكاليف الكهرباء لمستثمر وبالتالي المفاعل النوي لن يوفر لك الكهرباء بسعر قليل  
1,﻿الهم اني اسالك خشيه في السر و العلن  
0,﻿اتقوا اله فينا بكفي رفع اسعار و الرواتب بالحضيض  
1,لا اله الا اله محمد رسول اله  
0,هع بدها بس تعلق التعليقات الزنخه  
1,﻿عندك حق انت امل جميل و مشرق  
0, الي صوهتو بشبه ابو وديع ليش بتمسخرو عليه  
1,﻿ما شاء اله علي هلتفاءل الي عنده  
1,الاسلام نعمه كبيره من عند ربنا لا تقدر بكنوز الدنيا كلها  
0,احقر من هيك خيانه ما في  
0,حطمت كل احلامي البريءه  
1, كلام صحيح من شان هيك الدول الي ما فيها بطاله والمجتمعات المفتوحه بتقل فيها المشاكل النفسيه  
0,ما شاء اله واله انها امر متل الكرتون  
1,﻿الفرح فرح و سرور  
1,اله يرحمنا برحمته  
1,الكرامه فوق كل شيء  
0,﻿المشكله احنا امه لا تعلم من غيرها تسريب المفاعل الياباني و الكثير الكثير ا احدي الدول الاوروبيه اعلنت باستبدال المفاعلات النويه بطاقه البديه و الغريب انه بنفس اليوم اعلنت السعوديه بانشاء مفاعلات نويه سلميه لا ذكر اسم الدوله الاوروبيه اعتقد المانيا اني اقسم باله العظيم اني افضل النوم بكير و استغني عن الكهرباء كليا اذا كانت بمفاعل نوي علي الاراضي الاردنيه  
0, من جد مجنون  
1,العبره بالختام  
1,﻿صباح الدرب لجنه  
0,شو بالا يا دانيا و المشكله مش عارفه تكتب هعهعه  
0,ياخي عيب عليك لما تعمل مقارنه بين المصحف والحاجه دي وبعدين مين الملحد الي انته تعرفه ده يا د يا نصر  
1,﻿اله احفظ احبابي و اصدقاءي من الحسد و الكيد و الفتنه و العين  
1,خلتني ابتسم رغم اني مكتءبه جدا  
0,ماشي هسا انا صرت وله طيب في حدا بيشبهك كتير  
0,﻿ه الحلو انكم بتحكوا علي اساس انو الاردن ما فيه فساد و سرقات  
0,﻿الانكسار من اسوء الاشياء  
0,﻿ واله علي بالي مجنون  
1,اعنا يا ربنا  
0,فشرت عينك  
0,بكفينا الي بنشوفو من الدكاتره في الو الواحد نفس يعمل اشي منه  
0,﻿ اله يلعنكم يا اولاد الحرام الفن له اهله وناسه لا يحتاج لا مسابقه ولا زبي تفو  
1,ما في احلي من التفاءل الواحد بعيش مرتاح  
1,وعجلت اليك ربي لترضي  
0,بس اله لا يسامحكم و تلقوها بصحتكم ان شاء اله  
0,اصلا كتير من البنات بدهن يحكن مع الشباب  
0, عالم فاضيه بيسموا الغناء فن بيشغلوا الناس  
1,يجب علي كل مسلم الاعتزاز بدينه في جميع الامور صغيرها و كبيرها  
0, هي عندها صوت قوي بس لاسف الحين مثل غيرها  
1,﻿يا رب الهم اجعلني خير ما يظنون و اغفر لي ما لا يعلمون  
0,﻿ يا سيدي هدول عاهات وله يعني فيك تسحب عليهم قرض من البنك كونهم عاهات  
1,يا لطيف الطف بنا  
0,شو يعني بدك ايانا نحكي من وراكي مش حلوه   
1,﻿يجب داءما ان نعتني بالورود لكي تكبر  
1,وكل منهو دنا منك  
1,ان شاء اله ربنا يعينا علي فعل الطاعات  
0,﻿اله لا يشبعكو يا حراميه  
1,دخيل عينك يادكتور كلامك ذهب  
1,اله حيهم ما اكبرهم هالسباب  
1,سبحان يهدي من يشاء ﻻاله اﻻاله محمدرسول اله  
0, واله انك مهزله  
1,مفيش اجمل من ان الانسان يحافظ علي كرامته  
1,﻿صح كلامك و احلي حكمه و محد يبقي لنهايه رغم اتفاق الطرفين  
0, يخرب زوءك  
0,انتم يا قطريه شن عارفكم السياسه انتم لاعندكم جيش ولا استراتجيه ثابته انتم عملاء امريكا يا خونه  
1,﻿يا عالي بلا درج  
0,بعرف بس مو حلو  
1,وعلي اله قصد السبيل  
1,الهم اجعلنا من الذين يصلحون في الارض ولا يفسدون  
0,مقاسك غير مناسب يا شريف مع نفسك  
0,﻿سوبر طقاع ﻿ اول واحد جايته زبيريه  
0,﻿الي اعتصام مفتوح ميدان تحرير لتخلص من قوي الفساد و الافساد  
1,اسوء شيء ان تكذب لانك ستبدا سلسله لا نهايه لها من الاكاذيب و في النهايه ستكشف  
1,الهم اهدني الي ما تحب و ترضي  
1,ماجمل الوفاء  
0,كلب واطي  
0,﻿ مسخره  
1,﻿ولا تنسو تبسمك في وجه اخيك صدقه  
1,﻿ماجمل الحب و الاخوه في اله ان نخاف علي بعضنا حتي في علاقتنا مع ربنا شء راءع جدا  
0,﻿ لازم يحكم عليهم بالسجن  
1,الزمن الجميل   
0,﻿الرفض القاطع لمشروع لانه بس يتم و يشتغل تمام رايح ينباع او يتم تاجيره و نصير نشتري وقود مخصب و يصير اغلي من الكهربا لانه لاسف ما فيه شي بعيد عن ايدي المفسدين و الاستغلالين او يصير زي مشروع تسمين البقر ؛ينتجو الطاقه و تروح لاطراف خارجيه خالرج اطار حاجه العامه  
0,﻿يا اخوان القصه مش قصه طاقه متجده او نويه الموضوع كالتالي سواء عملنا هاي او تلك كلوا رايح في جيبه فلان و علنتان زي ما باعوا البوناس و الفوسفات و من اسبوعين لما باعوا المطار لشركه فرنسيه هيك رح يصير بالمفاعل النوي او محطات الطاقه المتجده يعني بين قوسين اخريتها تنباع فقبل ما انلم تواقع لازم نلم بعضنا و نروح نحاسب كل واحد لعب قمار فينا و نحاسب كل واحد باع شغله بتخصنا و بتخص بلدنا بدون ما يوخذ راينا لانو احنا بلشنا نعد لوري و بعتذر علي الاطاله  
0,اذا كان هيك الخبر انا ما بدي اعيش  
1,ارضي عني يا رب  
1,﻿من احبه اله حب به خلقه  
1,﻿اذا لم تقل لا لظلم فسيستمر الي الابد  
1,حماك اله من النكد  
1,شبابنا زي الورده بس بدهم حدا يدعمهم  
0, يضحكون و م شافوا انفسهم ، لو قلنا غنوا جابوا العيد فالحين بس في الظرافه ه الشيبان  
1,الهم اكفني بحلالك عن حرامك واغني بفضلك عمن سواك يا رب  
1,﻿صراحه الاراده و القناعه هيا الغني الاكتفاء  
1,ادعي من اله ان يقوني علي طاعته  
0,لهم صارو يبيعو و يشترو في البلد متل ما بدهم  
0, واله شويه عبط الي بيغنو والحكام كمان  
0,﻿مين هاي الي بصوره وءدامها كورس   
0,اله يجعل ابوك وامك من اهل النار اذا بتعيد هالحركه مره ثانيه  
1,﻿الهم اني اسالك اخلاص النيه و كرم الطويه  
0,مشان اله حد يعمله هوشه بدنا نعطلنا شوي  
0,نذاله ه  
1,قصه حقيقيه راءعه فيها عبره لكل زوج وزوجه فيها الموده والرحمه  
1,افتخر اني مسلم نعمه من نعم ربي  
1,يا عمي ما في احلي من الاكبل  
0,هاض بعرفو بس مقرف  
0,اسفل من بعضهم  
0,﻿حسبنا اله و نعم الوكيل فيكوا  
0,﻿الطاقه الشمسيه هي البديل و ليست النويه  
0,كلهم فاجرين  
0,المشكله في ناس تقنع حالها انه جورج وسوف له علاقه بالاغاني  
0, لا حول ولا قوه الا باله ليش الحرج هدا  
0,خلص اخرسن انا قرفت اكتر منكن  
1,لا ربنا يرحمنا برحمته  
1,الهم انر قلوب المسلمين و ايقظهم من غفلتهم  
1,﻿سبحان اله مواقف لها معني و قيمه و فعلا تعلم ما شاء اله  
1,امتنا ما في زيها  
0,لا تفهمي غلط حبيبتي  
1,﻿املا رءتيك بعبق السماء مع ولاده صباح جديد تهتز له الحياه و تحتفل ايقظ عقلك بالنور و ابعث همتك حيه متوثبه ، لتطوي نهارك في فرح  
0,﻿ام التحطيم  
0, حسيت كله تمثيل وسخافه و غباء  
0,اطالب برحيل هذه الحكومه  
0,كله لايك لا اتفشلوني  
1,الهم معنا علي طاعتك ورضاك وقوي عذامءنا  
1,الحمد له الذي هدانا لهذا  
1,اله اكبر وله الحمد مصر بخير فيها ناس كتير طيبين  
1,اني احبك في اله  
1,﻿الابتسامه جميله  
1,صباح كل جميل في هذا الكون  
1,قصه جميله ودايما انا بحب اسمع البرنامج  
0,بخزي  
1,اروع صفحه  
1,ربنا يهديني ويجعلني من الخاشعين والمسلمين اجمعين  
0,اعطيه علي راسي هدا الصح ياحاجه اله اكبر  
1,اما في الدين فتصير اخوه في اله وهي ارقي العلاقات الانسانيهبصحيح الحديث رب اخ لم تلده امك  
1,﻿صباح النور و السرور و الورد المنثور  
0,ايس شراع القرف  
0, بعن اله ابوك انت وعدوله يالسامج  
0, الشب السوري مظلوم  
1,يا طيبه الخير جينا  
1,بارك اله فيك  
0,﻿الرفض القاطع لمشروع لانه بس يتم و يشتغل تمام رايح ينباع او يتم تاجيره و نصير نشتري وقود مخصب ويصير اغلي من الكهربا لانه لاسف ما فيه شي بعيد عن ايدي المفسدين و الاستغلالين او يصير زي مشروع تسمين البقر ؛ينتجو الطاقه وتروح لاطراف خارجيهخالرج اطار حاجه العامه  
1,واله انت الحبيبه يا طيبه  
1,ان الجميل اذا اخفيته ظهرا  
1,اعمل ايه لو عاوزه اشترك مع نهر الخير  
1,فاهجر تجد عوضا عما تفارقه  
0,﻿ مجرم  
0,فقد عجزت الكلمات  
1,﻿كلام طيب  
0, ودي اكسر الابتوب علي راسه  
1,﻿صباحات العقول اليقظه و الهم الحيه المتوثبه  
1,اله اله علي اخلاق الصحابهاصحاب رسول اله  
1,الهم اهدنا فيمن هديت وعافنا فيمن عافيت  
0,﻿لاسف البعض يعتقد ان المفاعل النوي سيحل مشاكلنا الاقتصاديه و لكن الاردن لا يمتلك موارد ماليه و هذا يعني الحاجه لشريك اجنبي كما اعلنت هيءه الطاقه يملك غالبيه الاسهم كما في تركيا علي سبيل المثال وذلك يعني ان هذا الشريك سيمتلك الجزء الاكبر من المفاعل ولن يكون ملك لاردن وبالتالي ستقوم الحكومه ايضا بدفع تكاليف الكهرباء لمستثمر وبالتالي المفاعل النوي لن يوفر لك الكهرباء بسعر قليل  
1,ربك دايما جنبك لو نديته هتلاقيه   
1,اكرمك اله يا استاذي الفاضل   
0,الي انا شايفو انو المفاعل راح ينعمل في الاردن و راح يخدم دول تانيه يعني مش عشان سواد عيونا  
0,اتصور لو ظليت ما اتعلق احسن لانه تعليقاتك مقرفه  
1,ما في احلي من انه الواحد يوكل وينام  
1,﻿البسك اله ثوب الصحه و العافيه صباحك ورد  
1,﻿سلمت و سلمت يداك انها الاخلاق الكريمه التي علمنا اياها رسولنا الاعظم صلوات اله و سلامه عليه و انا انشاء اله سنفعل ما بوسعنا حتي نرسم صوره راقيه و جميله عن دينا و اخلاقنا و اله المستعان  
0,دلوعه حيوانه﻿  
0,يا امه ضحكت من جهلها الام  
0, انا ابو عدوله هذا لو قدامي صدق اني راح العن ابو من جابه  
0, اه يا ابو القمل  
1,من يتوكل علي اله فهو حسبه  
1,مافي اجمل من قوله يارب ومن يتجه الي اله عز وجل لن يتركه اله ابدا  
1,علي الاقل هناك رجل وفي لامراه احبها وهذا يسعدني  
0,﻿ اقسم باله انه منتهي  
1,اذا غلبك امر وعجزت عن التعامل معه فكر يا حي يا قيوم برحمتك استغيث  
1,يعطيك العافيه  
1,اله يهدي الجميع لاسلام   
0, بنص المقطع سقاله موطبيعيه  
1,اله يهدي التاءهين والضالين الي طريقه  
0, مبرد وجوهكم  
1,لا تحزن علي دنا فانيه بل احزن علي اخره باقيه  
0,﻿ هذول مخانيث  
1,ربنا يكتر من امثالك يا مصطفي  
1,بوركت  
1,من ترك شيءا له عوضه اله نورا وايمانا في قلبه  
0,﻿مع مين بتحكي بتول انشاله مع حالك  
1,خلق الايثار  
0,لان ديانا كرزون البغله الاردنيه لا تستحق ذلك  
0,عني كل يعلقو الا انا  
1,نعم الاخ وما اطيب قلبه  
1,﻿ماكرمك يا ربي يا كريم  
0,صحيح انك سافل  
1,حلو كلامك عزيزي  
0,تفو عليك  
1,انا اقدر الاخلاص و الوفاء بشكل كبير  
1,بسمه امل حلوه  
0,سلطان القرف  
1,﻿الهم اعنا علي ذكرك و شكرك و حسن عبادتك  
1,ربنا يكرمك يا دكتور  
1,﻿كنت اخادع الحياه لكي اعيش كما اريد لكن الحياه خدعتني و عشت كما هي تريد  
1,اله يفرح الكل ويجمع بين المتحابين علي خير  
1,صباح ﺎلاشتياق لتلک ﺎلتي تجري من تحتہا ﺎلانہار لا حزن فيہا  
0,خمسه مليون يوقعوا علي رفض المفاعل لانه سوف يدمر الاردن لان التقدم ياتي من خلال عدم النهب لمال العام يعني يجب وقف النهب وهذا مشروع فاشل من يومه  
1,ما اروعهم  
1,الهم استخدمنا في طاعتك  
0, جزمتي و الا اقولك اسفل جزمتي الثوره في سوريا ما اشعلها الا الوهابين الي هم السلفين  
1,الهم اني اسالك صبرا  
1, احسنوا الظن  
0,خسءو وخسء امثالهم ومن طاوعهم  
1,ربنا يحميك  
0,﻿ بطني وجعتني من الضحك  
0,﻿ يشبه رغد مجنونه هيافاء  
0, هذا صدق ولا مجنون ولا يستهبل وش القصه  
0,الحمد اله علشان نرتاح من جميله الدعم  
0, لا عنجد زلمه شكلو بخوف  
0,حتي نعرف نحل مشكله المجاري بعدين منعمل مفاعلات  
0, قسم انه استهبال باستهبال  
1,يرزق من يشاء بغير حساب  
1,الهم اجعلنا من يعطي الامانه حقه  
1,﻿الدعوه مش بالكلام بس مكن نكون دعاه باخلاقنا و اسلوبنا و تعاملنا  
0, اصلا سوبر ستار لعاهات  
0, لا مش فاهماك  
0,شفتها اقول وشذا الكيك  
1,الحمد له علي الفهم  
1,صباح الخير والفل  
0,يع حاسه حالي بدي استفرغ  
0,﻿ليش ما نتعلم من الي صار في اليابان، وروسيا، المانيا الغت نظرتها في بناء مفاعلات نويه و استخدام الطاقه البديله  
1,وياريت بتظبط الكذب ماوش رجلي  
0,﻿كنا نقول البلد حاميها حراميها و ماذا سنقول الان مفتيها حراميها و اله الواحد تحير في هذه الامه التي اصبح الحليم فيها حيران  
1,بنحاول في كل مره نكون افضل  
1,يارب كرهني وابعدني فيما يغضبك  
0, انت ما شفت النسخه الاوروبيه والامريكيه والماليزيه من نفس البرنامج فيها بلاوي اكثر من كذا بس حنا العرب فينا عقده النقص والتخلف  
1,﻿فالاول يصح مساري و الثاني يزيد من اصراري  
1,وبشر الصابرين  
0,ماعندك شرف  
1,﻿يا طيب صباحك كل خيرات  
1,﻿صباح ملءه الحب و العرفان  
1,﻿انا دايما فرحان و مش ساءل بالدنيا و الحمد له  
0, هدا ماهو عقل هدا تخلوف  
0,﻿ ﻋﺎﻫﺎﺗﻚ ﻳﺎ ﻭﻃﻨﻲ  
0,الهم اجرنا من الظلم ولا تجعلنا من الظا لمين  
0, مش عارف كيف اهلهم سمحولهم يقدمو في البرنامج هادول شغل بطون  
0,الا لعنه اله علي الشيعه الي يوم الدين  
0,خنقوني  
0,ه ولكو ما احنا ميتين من دون هالوسطه  
1,يشم الطيب ويتعطر يا دكتور عمر  
1,﻿عيش زي ما بدك و ما ترد علي حدا ابدا  
0, عرب جرب  
0,بارد ومصقع  
1,الهم لا تحرم احد من هذه النعمه  
1,﻿الهم بارك فيك و عليك و ثبتك  
0,مءامره معروفه ضد الشرفاء في هذا البلد  
1,من ترك شيءا له عوضه اله خيرا منه  
0,﻿ حرام  
1,﻿الحمد له الذي لا يحمد علي مكره سواه  
0, اندهش لما عرف الحقيقه  
1,اله يبارك لنا في ايامنا  
0, واله تحشيش  
0,﻿و كمان بالمقارنه بالدول الاخري في الجانب التقني فان مفاعل الفرنسيالياباني و مفاعل الروسي لم يتم تجربه تشغيلهما بعد فالاول لم يبدا العمل علي تصميمه بعد ، لذا لا توجد مراجعه شامله و عميقه لسلامه التصميم، و بغض النظر عن الاردن فلا توجد اي افاق تجاريه لهذا النموذج حتي الحظه اما عن تصميم فتم في الهند و ذكرت تقارير انه جاهز لعمل في نهايه ، و لم يتم تشغيله لحد الان  
1,﻿كن مع اله و لا تبالي  
1,﻿صباح الخير و التفكر  
0,ما انا شطبت  
0,منيك ولك  
0, كافر ملعون جهنم باذن اله  
1,﻿المسلم الفطن النقي يتصرف بما يرضي اله في السر و العلن نسال اله عز وجل ان نتبع كل ما يرضيه عنا  
0,طبعا اكيد ﻻ والف ﻻ  
1,سبحان اله قادر علي كل شيء  
1,الهم استرنا وجميع بنات المسلمين  
1,لا استطيع الهم ارزقنا العافيه وشكر نعمتك  
0,كلب وحقير  
1,صباح الفل  
1,الخشوع هو المرحله التاليه لتركيز والتركيز ياتي باطاله القراءه والتدبر واطاله الركوع والسجود  
1,﻿الدال علي الخير كفاعله  
1,الهم ارزقني كما ترزق البغاث  
1,﻿الهم ارزقنا السلامه و العافيه في دينا و دنيانا  
0,﻿احنا ما بدنا اياه لانا ما منفهم المفاعل النوي فوق طاقتنا صعب علينا و بكره بذكركم و سالوا الباص السريع الثقه معدومه القمح فاسد المصفاه مش حسب المواصفات الخضار والفواكه مواد كيماويه شوارع مش مصانه حفر ومطبات الخ الافضل استغلال الطاقه الشمسيه او الريح او الماء ليس هروب من التطور وانما الابتعاد عن الفشل الاكيد عبر التجارب  
1,الهم اكرمنا برضاك  
0,اخبار مسخره  
0,ه­ه بكفي القعده تبعته  
1,اله يصبحك برضاه  
1,سلمت امري ل ربي عالمين رغم البعد احس ان ربنا رح يكتب ويجمعنا ويكون نصيبي  
0, لبنان وزبالتوا  
0, عاهاتك يا وطنعاهاتك يا وطن  
0,نعم اردنا غير قابل لتلاعب بارواح ابناءه  
0, حثاله علي حثاله والحثاله انظف منهم  
1,هذا اكيد  
1,احسن اظن باله وتوكل عليه وحده  
0,﻿ سخيفه ب قوه  
1,لا ياس مع الحياه  
0, هذا الي فالحين فيه العرب ، فقط الهبل و التخلف  
1,﻿سبحان اله و له في خلقه شءون  
0, بيخزي  
1,﻿الهم ارزقنا الاخلاص في القول و العمل و في السر و العلن و في الرخاء و الشده و في العافيه و المرض و عند الابتلاء  
0,احتمال ما يشارك اليو البايخ  
1,انا علي ثقه اني استطيع فعل اي شء لان انا من صنع اله  
0,صراحه بخزي من دون مجامله  
1,رجعتولنا الفرحه الي نسيناها  
1,هل تعلم ان المطر يتشكل اولا علي هيءه بلورات ثلج داخل الغيوم و يتحول الي قطرات ماء بعد ذوبانه و هو في طريقه الي اليابسه  
1,ابتعد عن التشاءم وعيش يومك بالتفاءل لغد احلي  
0,كلامك في غايه الجديه صحيح  
0,﻿ واثق من نفسه الحبيب  
1,انتا عظيم يا راجل  
1,﻿و بلبل شادي بفنه  
0,عنجد بخزي شو هاد علي حساب ازياء طلع باله  
0, ايه الهبل دا  
0,انا خليني ساكته احسن  
0, بعين اله يا امال كلهن ستين سبعين سنه وبمضن وبتهون  
1,اله حيهم هالشباب انتوا القدوه  
0, هذا الي بالنص من لجنه الحكم مفكر نفسو وديع الصافي و هو شقفه علاك  
1,﻿اله يشافيك و يعافيك من كل داء وهامه اخي سيد الوكيل  
1,واعظمها امه سيدنا محمد  
0,هاد كلو كزب ياهبله واله  
1,﻿الذي طبعه راءع ما يمكن ان يتغير راح يبقه راءع  
1,نعم فالنجعل حب اله هو الغايه وربنايسامح كل تاءب  
1,سبحان اله ان اله يرزق الدوده في جوف البحر  
0,﻿ الجنه ما تنطاق  
1,قل لي من تصاحب اقول لك من انت  
1,﻿صباح يغسل كل ما لا يروقني في حيٱتي و حيٱه ٱحبتي و يجعلنٱ نتنفس حبٱ  
0, غباء في غباء لان نفس الحركه صارت في يعني قلدنه البرنامج وبعد التصرفات اوف  
1,سبحانك ربي اني كنت من الضالمين  
1,﻿بارك اله فيك و نتمني المزيد من النصاءح  
1, الحل الوحيدحب اله ورسوله وطاعتهم  
0,﻿و اله و اله عباره عن اعاده تدوير لمخلفات النويه و الاردن منها بس الارض و الجمهور بتراب الفلوس ارحمو هل البلد هلكتوها صرنا علا لسان الكل انا احنا حراميه و بس كلشي انباع بالبلد الواحد خايفه بكره يبعيوه كمان ارحمونا اله لا يسامحكم  
0,ما هيك بيقولوا لاسف ما عجبت حدا انت جاهل يا هذا ليس هكذا تدعو الناس لقول لا اله الا اله محمد رسول اله انت غبي يا صاحبل هذا البوست و لا تفقه شيءا من العلم و الدين انت هيك تبين انك في قمه الجهل و العار قل كلاما جيدا محبا و لا تلفظ بالكلام السيء انما تعجبنا كلنا لو قلت انطقوا بالشهادتين يا اولي الالباب  
0, مسوي انه مندهش  
0, دار الزمن وصار الوسط الفني كله نفس ذي العاهات وضحكو هما علينا  
0,﻿عادي محنا اتعودنا علي الرفع من يوم يومنا و احنا ما بنعرف غير الرفع همه برفعو و نحنا بندفع و علي حسابنا  
1,﻿يا جماعه دعواتكم لاهل سوريا فهم في اشد الحاجه لدعاءنا لنرفع اكفنا لرب الكون ان يحميهم و يحمي كل امه محمد لا تنسوهم من دعاءكم و المال الذي وهبكم اله فيا بني ادم يوما لك ويوما عليك و كما تدين تدان  
1,﻿الهم اغفر له و وسع لك رحمتك له و اصلح له ذريته  
1,والنعم والاخلاق والنعم والصداقه والنعم ف الاخوه  
1,﻿و ريحه الياس و الحنه  
0, انشاله انو يطلع كلام فاضي لانو اذا ضربت سوريا الاردن رح اتصير حرب عالميه ثالثه وما رح اتخلص غير لما نتخزق  
1,﻿صباحك طيب كطيب المسك و العنبر  
0,﻿احنا شعب مش عارفين نبني شارع و نعمل له صيانه كيف موضوع مفاعل ما عنا خبره فيه و كل البلاد المتقدمه بس بلشت تلغي هذا النوع من الطاقه رحنا لجانا له متناسين انا في منطقه حفره الانهدام و عرضه لزلازل و غير انا عرضه لنصب من خلال الجهل و الفساد المتفاقمين عنا و غير نسب السرطان المتزايده بدون واسطه و بالاخير بقولوا عنا شعب متخلف اذا رفضنا علم صعب التطبيق عنا و الاولي انو نراجع اداره الموارد و الاصلاح و تقويم انفسنا لحل مشاكل الطاقه وغيرها  
0,﻿ لو حد يا جماعه يعرف طبيب اذن يدلني ولا شكلي هارميهم خلاص باظو  
1,والشكرله والفضل له علي هذه النعمه التي انعم اله علينا بها وجعلنا من الماء كل شي حي  
0, انسان غريب  
1,يا عني علي ذكرك و شكرك و حسن عبادتك  
0,﻿هو احنا خلينا نخلص ام هالبرجين الي صرلهم سنه و بعدين بنفكر نعمل نوي سلمي ه من الديسي  
1,يارب يقدرنا علي ادخال المياه النظيفه لكل بيت محتاجه المياه  
0, لا حول ولا قوه الا باله العظيم ،لم اكن اعلم ان نسبه ذكاء العرب منخفضه جدا الي هذا الحد  
0,من وين انجيب حرام عليكم  
0,﻿حسبنا اله و نعم الوكيل في اناس همهم تجويع الشعب  
0,مسكين﻿  
0, يلعن اخت المياعه والبياخه  
0, صوتك موش حلو  
1,ما اروع برنامج الطريق الي اله  
1,الكلام في البدايه بكون حلو لاكن من يبقي خير  
1,روعه  
0, يعني هي ما راح تعتزر  
0, هذا انا واغني وانا بالحمام وانتوا بكرامه صوتي احلا من العاهات هذيل  
1,احسنت و ابدعت و وصفت ما يدور او يجول في راس كل شاب ملتزم و كل فتاه عفيفه نقيه تقيه  
1,ربنا يبارك فيك  
0, وش جابني هنا ثقيلين دم  
0, حثاله و شباب صايع  
1,لو نريد الخشوع حقا نطلق الدنيا  
0,المفاعل النوي سيحتاج لشريك استراتيجي يمتلكه او جزء كبير منه وستدفع الحكومه الاردنيه ثمن الكهرباء لهذا المستثمر لذلك يوجد احتمال كبير ان ترتفع هذه الفاتوره  
1,فعلا واله هو القرار والثبات عليه  
0,﻿و اله مش عارفه شو بدنا نسوي نشحد مثلا  
1,حلو الشخص يكون عنده هدف و يشتغل عليه لكن الدراسه شء ضروري  
1,المهم هو الصادق معي الناصح لي  
1,الحب في اله شيء جميل جدا  
1,يارب احمينا من شرور انفسنا وسيءات اعمالنا  
0,﻿انا ضد النوي و الاﺟﺪﻯ ﺑﺪﻭﻟﻪ كالاردن البحث عن مصادر لطاقه النظيفه و خصوصا انا نفتقر لماء و الاجدي بنا ايضا ان نبحث عن سبل لحل مشكله المياه بالمبالغ التي ستصرف علي المفاعلات النويه  
1,الوفاء في غير قلبك ما لقيت  
1,يارب دعوناك فستجب لنا وحق لنا ماهو اصلح وافضل لنا  
0, هبله  
1,﻿الهم اجعل سريرتي خير من علي نيتي و اجعل علي نيتي صالحه  
0, حتي في التخلف مش فالحين منيح  
1,﻿الهم نقي نفوسنا و اجعلنا لك من المخلصين سرا و جهرا  
1,﻿اله علي دينا العظيم  
0, بعضهم جايبينهم تمثيل  
0,الي لفت انتباهي الدبه الي﻿ جنبها  
0,﻿بس مو مزبوط  
1,﻿يا رب بلغنا رمضان و انت راضي عنا  
1,اشداء علي الكفار رحماء بينهم  
0,مارح يتغير شي بعد سنه رح نلاقي بالجرايد خالد النوي يطالب ابراهيم النوي بتاجيل مشروع المفاعل النوي لان في مشاريع اهم زي مياه سفيان الديسي وخط ابو يوسف لباص السريع عادي  
0, قرف شوهاد شي بخزي عنجد  
0, روح انتحر  
0, عاهاتك يا وطني  
1,هذا هو المهم  
1,﻿كل شخص فينا بيتمني الخشوع في صلاته يا رب يتقبل صلاتنا و صيامنا  
1,هاي اخلاق خليلنا الحبيب  
1,صباحات الانوار  
1,جزاك اله خيرا ياستاذ مصطفي علي ماتبثه في انفسنا ربنا يكثر من امثالك  
1,﻿تسلم انت و افكارك  
1,﻿ربنا يهدينا و يهدي بينا امه محمد الغافلين  
1,الهم اعني علي ترك المعاصي حبا في نور وجهك  
1,﻿و مفيش احلي من قضاء ربنا  
1,الماء اساس الحياه  
0,﻿ من اين لنا المياه لتبريد المفاعل النوي فهو يحتاج الي نصف مليون مترا مكعبا من المياه لتبريده سنويا علي الاقل والقاصي والداني يعرف انا في بلد يعاني من شحه المياه اما كعلوم و معرفه بالعلوم النويه و الطاقه فانا احب ان يتعلمها المتعلمين في بلادنا بدءا من جدول مندليف لعناصر مرورا ب العناصر المشعه و نظريه اينشتاين لطاقه و نظريات الفيزياء الكميه و البحث في عمر البروتون و النيوترينو والكواركات والبتونات وال و النظاءر المشعه و تفتيت الذره و اشعه جاما و بيتا و الفا و الراديوم و البلوتونيوم و البروتونات و كافه النظريات بما فيها انواع المفاعلات النويه و تجارب الام فيها مثل اليابان و المانيا و روسيا و فرنسا و امريكا و لعلم فقط انها علوم نظريا سهله و بسيطه و يستطيع فهمها حتي الانسان ذو الخلفيه و الرغبه العلميه و علي جميع او علي الاقل جزء من علماءنا ان يقروا المسار الذي يجب ان نسلكه و نسير فيه بهذا الخصوص بموازنه المخاطر و المكاسب و بعدها و علي اساس النتيجه و الفاءده الواضحه يتم الاعتماد لقرارهم ان كان سلبا ام ايجابا  
1,﻿انما بعثت لاتم مكارم الاخلاق  
0, السادس الراء رايحه  
1,﻿الهم انا نعوذ بك من الرياء و النفاق  
1,صدقت  
1,﻿يا رب اسعد قلبي  
1,﻿الهم احسن خواتيم اعمالنا و اجعل كل اوقاتنا طاعه  
0,نار جهنم تاخدو  
1,يا عطاء يامنان يا اكرم الاكرمين  
0, ياحيوان  
1,﻿صدقتي راءعه و معبره الكلام  
0,واو حلو  
1,﻿اله يعطيك الصحه و العافيه  
1,﻿الحمد له علي نعمه الاسلام  
0, اه ياشويه عاهات  
0, لالا بس اغلبهم دارين بس يقولها استعباط ورفع ضعط خذها مني  
1,﻿الراءع سيظل راءعا حتي نهايه العمر  
1,﻿و خير الابتسامه  
0,·   راءع واله اصبت القول الاسف لاكن مافي اي حدا بيستحمل الانتقاد  
1,الهم اني اعود بك من الذنوب التي تزيل نعمتك وتحول عافيتك وتحبس رزقك وتعجل بغضبك  
1,﻿يا لطيف اله يلطف فينا و يصلحنا ظاهر باطن  
0,﻿ ومازال العود مصدي  
0, واله شكني في البرنامج انه سوبر ستار او برنامج كوميدي  
1,انا لا احلم ان اغير العالم ولكن احلم بان استطيع ان ارسم البسمه علي وجوه الاخرين  
1,ما اجمل الاخاء  
0,﻿ طول عمرك تخاف من الحب اجل  
0,لا هديله بالجزمه طبعا  
0,اذا الخبر صحيح انا اول شخص بطالب بالهجره لاي دوله خليجيه او اوروبيه او حتي اسراءيل  
1,يا معين يا رب  
0,الي جهنم وبءس المصير  
0, يا اخوان انتبهوا الي انه اكثر المشتركين المايعين من لبنان او سوريا وهذا حالهم لان تركوا مله الاسلام وتبعوا الميوع مع الشيطان  
0, سخافه مالها حدود  
0, جورج وسوف حلب مو طبيعي  
1,﻿صح فالابتسامه تصنع السعاده  
0, لا محاله اول شيء يحدث له بعد عودته لمغرب سيتم اغتصابه كالعاهره  
0,اله يخزيك  
0,انا ضد المفاعل  
0, ياجماعه يقولون بشار الاسد مات  
1,يسعدني وجودكم بالصفحه   
1,يارب قربني اليك واقترب لي اكثر  
1,الهم لم شمل جميع المسلمين  
0, اسخف لجنه تحكيم شفتها بحياتي  
0,﻿ تافهين جدا  
0, جابو المسخره لنفسهم اله لايردهم  
1,﻿صباحكم امل مشرق و عطا متجد كما شروق الشمس  
1,صباحك خير يا دكتور سلمان  
1,نعم احسنت ، واجبه علي كل مسلم وحق لكل مسلم فتح اله عليكم  
1,ربنا يسهل  
1,﻿عين العقل و ربي  
0,﻿اله لا يخلف عليهم و لا يكثر خيرهم فعلن شعب مسكين و عبد اله النسور بطل رفع الاسعار  
1,﻿الحمد له علي نعمه التي لا تحصي الحمد له الذي تكفل برزقي الحمد له لانه رب يستحق الحمد علي السراء و الضراء  
0,﻿حسبي اله و نعم الوكيل في كل ظالم و مفتري و اله يعين الشعب  
0,واله حرق لاخوات الكلب  
1,﻿صباح الورد و لوجه طيبه  
0,مش من بني ادم انتي من جنس الحيوانات  
1,بجد ربنا يبارك في كلماتك بتوصل واله  
1,ربنايقويك اتشجعي وخوذي قرار وخلي الصحبه الصلحه جنبيك  
1,الهم اعنا علي ذكرك وشكرك وحسن عباتك  
0,﻿لي مفكرين المفاعل راح يطورهم المفاعل راح يدمر الاردن و المنطقه الي حولها لان الفساد الموجود بالاردن مش موجود بدوله اخري وهذا يعني ان الفاسدين رايحين يسمسروا و يلهفوا لما يوصلوا اشكل مفاعل لاردن و ناسين ان المفاعل يحتاج الي بحر ماء لتبريد و نحن لانملك ماء لشرب و ناسين ان التطور يكون بمشاركه الجميع و ليس بقرار فردي و ناسين ان الذي اقر المفاعل هو المحتكر الاول هيءه الطاقه و ان شاغرها بقي معلق اثناء فتره تسلم طوقان وزاره التربيه و التعليم لدول المتقدمه بدات تبحث عن بداءل لمفاعلات و احنا بنشتري الخربان منهم مشان التقدم و بلدنا بفضل اله لديها طاقه الرياح و طاقه الشمس لماذا لا يتم استغلالها بدل المفاعل النوي طالما اكلنا معظمه فاسد و غير صالح بسب الجشع و الطمع و الفساد  
1,﻿اجمل ابتسامه  
1,ربنا يصلح حالنا جميعا  
0,﻿ يا ريتك ما كبرت  
1,اطمءن يا قلبي فرزقي لا ياخذه غيري  
0,رءيس مو عارف يحكي حرف الاس روح تخيب ولك يلعنها انيسه علي هيك جحش خلفتو  
0, اين ذهبوا العلماء والمخترعين والمفكرين جرب في جرب  
1,صباح الحب من اله علينا جميعا  
0, سد بوزك  
0, واله الناس دي ما شايله هم ابدن علشان كده مسخرو نفسهم او كرامتهم راحت  
0, ﻻ تخليني اسب هون هات  
1,﻿صباح العفو و التسامح صباح الخير لوجه الخير  
1,﻿صباح الخير و الحريه و النصر  
0, يلعن ابو التخلف  
0, صج معوق  
1,﻿الحمد له ماكرمك يا اله  
1,كن انت التغير الذي تريد ان تراه  
1,﻿صباح الخير و السعاده لكم  
1,يا اله عالمواساه يرحم ايام زمان  
1,﻿ و نجد قلبنا بالايمان مع بعض  
1,اله يوفقنا لصداقه امثالهم  
1,﻿ نسال اله العفو و العافيه  
0,ويوجد البديل الطاقه المتجده  
0, صوتك وحش  
0, اش التفاه هاذي  
0, فيديو بايخ  
1,كلام راءع وفي وقته وربنا قادر علي كل شء  
0, تكالبت عليه الكلاب ولم تسمح له بالبروز بعد البرنامج  
0,لا احدالاخوه  
1, صح جدا  
0, المراه تهان وتعامل كاداه جنسيه تحت مسميات عديده كالمسيار والمسفار والمصياف الخ وكلو بتمنو  
0, سامجين بس يمسخرون المشتركين وقاحه  
0,﻿ دمرني النصاني هودعيك يربي بطني  
1,المه هي احلي اشي بالافراح  
1,احبك ربي   
0,الاشغال  
1,فاظفر بذات الدين تربت يداك  
0,يلعن الساعه الي بشرت فيك  
1,وانا من الناس الي فعلا محتاجين يحاسبوا نفسهم ويصلحو من نفسهم لانا عارفين انه لا ملجا لنا الا له  
1,الهم اسعد كل انسان  
1,الهم اصلح حال المسلمين  
0,هو احنا خلينا نخلص ام هالبرجين الي صرلهم سنه وبعدين بنفكر نعمل نوي سلمي ه من الديسي  
0, بيجيبو الشيوخ ليسهزاءو فيهم  
1,من ترك شيءا له عوضه اله خيرا منه  
1,﻿كلامك يشعرني بالتفاءل و يمدني بالقوه و الاستمرار  
0, شعب سخيف  
1,اي واله  
1,﻿كلام سليم الف بالميه و اله  
0,باله تسكتوا خلينا بحالنا بدناش مشاكل ايه  
1,﻿يا رب بناتنا و شبابنا كلهم يستطيعوا العمل بهذه النصيحه يا ريتا كلنا نتذكر انا كلنا دعاه لاسلام باخلاقيتنا و الصفات الحسنه  
0, لكن هذا البرنامج السخيف الرخيص واضح التمثيل فيه  
0,واله ايلي اختشه ماتوا   
1,سلمت يداك روعه  
1,ظني باله جميل  
1,﻿انا بدات و اتحرك و شاركت بفكره ستغير الكثير من واقعن  
0,﻿الا يكفي ان نسبه مرضي السرطان في الاردن اعلي نسبه عالميه بسب مفاعل دايمونه الاسراءيلي و بكل جهل نضعه في بلدنا  
0,﻿ قرفت انتحر عن الدرج  
1,اجمل حاجه في الحياه كلها انا نرضي ربنا وبس مش كتير واله علي ربنا بالعكس ده ولا حاجه في نعمته علينا كفايه انا مسلمين بس الحمد له   
0, ده سوسن خالص ينهار اسود  
0,ناشدتك اله  
0,﻿ من جد سوبر ابقار  
0, صار عناد وكره و قله ادب بس ظلموها  
0, انا نعيش في زمن بلا رحمه  
1,الهم انا نسالك رزقا حلال طيبا مباركا يعينا علي طاعتك  
